Date,Open,High,Low,Close,Volume
2015-01-02,1193.8585372854088,1199.4813491371453,1190.9855824944166,1193.193181710667,124925
2015-01-05,1173.8660295784396,1180.749967870582,1168.2132639433485,1172.914624103912,154090
2015-01-06,1190.740493721735,1191.8346154736334,1182.1872414103002,1187.1124685019379,191235
2015-01-07,1169.395537726244,1177.0565481840301,1161.2693886255652,1174.9361264353302,212223
2015-01-08,1180.830880723301,1187.7229301923546,1176.6379919202618,1186.578589009578,239153
2015-01-09,1177.2043325308673,1192.8031146111734,1173.9491022968773,1181.1612428576614,290529
2015-01-12,1184.617760636891,1189.8829853701168,1180.2726601271215,1181.5934028509482,122581
2015-01-13,1173.0629408695488,1179.7680328146032,1168.3850096403853,1172.610624864482,114257
2015-01-14,1161.6709105305554,1173.852533109145,1158.6000397763723,1163.5392689507664,251417
2015-01-15,1166.4474320023585,1174.3015749185722,1155.2386920252793,1169.9984198319803,91858
2015-01-16,1177.624666508053,1183.841814850681,1169.3923033348624,1183.517857608945,301135
2015-01-19,1176.3888932315415,1176.7109126097089,1170.374100550929,1175.3419583499785,131299
2015-01-20,1183.6722648360744,1188.7767219802286,1172.8481301618897,1183.7288443728974,110294
2015-01-21,1168.0768814499434,1173.6149713214731,1165.0508353398839,1166.73793060263,202530
2015-01-22,1185.1261560896069,1187.668180281191,1181.1735920853132,1181.9318067536658,296856
2015-01-23,1183.9266572777146,1187.212461265289,1173.3559750344082,1182.9128051175428,115751
2015-01-26,1162.2866298972972,1165.2059774787735,1155.0577469061304,1157.6580901591242,229811
2015-01-27,1176.4365315098132,1179.210345715502,1174.0739473112624,1177.822775021201,219991
2015-01-28,1196.1656700112387,1197.3757743857623,1174.56810592316,1190.8806137162633,236570
2015-01-29,1168.79531357841,1171.418856119791,1156.216362650119,1167.307300422622,152062
2015-01-30,1181.2498888324246,1185.9818431063027,1180.9351969044776,1183.0940342048248,139585
2015-02-02,1176.062339638207,1185.1008790759636,1171.5314981107351,1175.420204563386,189952
2015-02-03,1188.7961871509872,1189.8452062695737,1179.2288718639763,1181.2546924106969,289807
2015-02-04,1169.270780266268,1173.6783172998778,1164.0433160367795,1173.572080659105,247852
2015-02-05,1168.1446616506598,1173.8848128370441,1167.1885451258752,1170.2009286856323,259054
2015-02-06,1169.5920481658338,1173.9062565865604,1169.2383803329492,1171.02918284247,89810
2015-02-09,1171.4428947707927,1172.9806021209972,1162.492324979095,1170.8459568561589,121216
2015-02-10,1166.3212966565293,1177.6638633403713,1163.687441153469,1166.0948039959865,126887
2015-02-11,1171.2143328667682,1179.1681063908395,1160.0468013984994,1164.82362184749,104459
2015-02-12,1179.2664384495954,1181.6160933252302,1179.2589576634066,1179.9624973273312,222675
2015-02-13,1167.6722728059688,1169.7887522049991,1162.249976523893,1165.4003769288902,310152
2015-02-16,1159.7598692438705,1163.0716464984155,1157.2711655886715,1161.4782293738904,307170
2015-02-17,1157.662919079624,1164.3909766003685,1156.092402669771,1161.4440176157968,250403
2015-02-18,1172.7417680197846,1176.0675784347113,1169.9929164432692,1173.2643627111102,148935
2015-02-19,1148.0305608553908,1154.504950900869,1140.069154238422,1148.8633810597078,248931
2015-02-20,1171.9721779535757,1174.2702018585555,1164.3406604223594,1169.6602725499538,190235
2015-02-23,1174.247517924304,1179.1909036926425,1168.3045437724932,1169.730404709569,159849
2015-02-24,1174.2117539162648,1177.6425589507387,1171.951449867238,1175.774104774664,208337
2015-02-25,1167.660442591003,1173.2158309890187,1163.4883613809989,1163.9565584241568,199596
2015-02-26,1156.857334106406,1166.5074855033617,1154.7838003257643,1160.3183210482177,126134
2015-02-27,1175.0486814787905,1175.3711076646605,1166.9527928778086,1169.0735640379862,83850
2015-03-02,1163.3427716995916,1173.4941487845092,1163.1649078588496,1168.381638571917,190180
2015-03-03,1176.454149614057,1182.4927805846182,1173.5155111882843,1178.22960839977,274243
2015-03-04,1167.8874364340459,1177.5841713105892,1165.9151219218852,1167.059698970268,222826
2015-03-05,1159.6650479866682,1165.5415213613203,1149.7711655673552,1160.9646661626916,282031
2015-03-06,1147.5163084229516,1156.7388644135588,1143.9850381579522,1151.3467492384248,174581
2015-03-09,1162.9282075349738,1163.907509703849,1157.478475473282,1160.5786869988065,177866
2015-03-10,1161.8922836810743,1170.4929958886964,1158.5262129824243,1165.3375455076264,233999
2015-03-11,1177.5550052607052,1187.1999467830137,1169.5319946131046,1174.2907529879449,286533
2015-03-12,1159.8613376573562,1168.733306025412,1156.581325390716,1164.8661341597488,253235
2015-03-13,1180.405742287386,1182.1350501298182,1174.1719357437908,1176.8906237417546,100475
2015-03-16,1178.8966694198787,1180.589827894332,1173.520497945885,1176.1011619398041,180416
2015-03-17,1161.6941443059716,1166.8261032776545,1159.1451368168534,1159.972547875289,280689
2015-03-18,1160.5693493833983,1164.4234667544258,1152.3814224313037,1157.0842847603756,113173
2015-03-19,1160.0115653222542,1162.1219128346447,1157.5220893934418,1160.7537998789621,89064
2015-03-20,1163.1343072324732,1169.3939944023332,1161.4679083591327,1163.3748084531928,172210
2015-03-23,1160.7015207147263,1165.507260315859,1154.245185856581,1156.8584400898378,135284
2015-03-24,1165.6978940068088,1174.374017026539,1164.6138055831696,1169.3065391593136,179809
2015-03-25,1167.8038949331233,1172.9672259169752,1166.6179591989853,1168.7861308429428,293318
2015-03-26,1173.4596791706674,1176.4771079226998,1169.846925262839,1174.273828590437,189398
2015-03-27,1165.3454150400682,1168.7628288103126,1159.1839594519831,1166.1955258420796,250134
2015-03-30,1156.963007969744,1162.3767862920952,1153.4097647033407,1157.9779596767305,262040
2015-03-31,1156.0285421075805,1166.8948630316393,1153.7922310251527,1164.4076578182462,134068
2015-04-01,1155.548619335325,1159.1176268435017,1153.220206430193,1155.6987907657126,212213
2015-04-02,1164.3276659979952,1164.961943223256,1157.9902966820957,1163.4896229615838,266960
2015-04-03,1159.0190871371994,1159.8548809068834,1153.5618678412136,1154.9439267320636,273772
2015-04-06,1171.215574458877,1173.1475003956416,1161.8029596328772,1168.6322783106832,108055
2015-04-07,1134.5373170183352,1137.4104460777307,1132.8768397295098,1136.6177679920352,249215
2015-04-08,1163.07615212208,1165.7870344338562,1162.6264067544992,1164.1223608578537,223057
2015-04-09,1159.4912335833703,1167.1024428712385,1155.25576557404,1162.7887905723453,137668
2015-04-10,1155.637679107753,1162.2536626331112,1153.724108308911,1156.9828990514436,302904
2015-04-13,1157.275824767037,1167.1893037603988,1156.9803437409907,1159.4651140819306,296822
2015-04-14,1161.8821472897164,1162.3848433859455,1157.9771885887546,1158.3235343190959,130459
2015-04-15,1169.7236396255523,1173.8113943651636,1162.9013183211548,1168.5571081012731,292282
2015-04-16,1174.9418457696918,1177.137591431176,1172.7226355251937,1173.0304816044186,141803
2015-04-17,1158.024626544555,1168.3566340070429,1154.4373065972343,1159.4178809712967,281343
2015-04-20,1171.9250977936376,1174.6487941293183,1167.486988974385,1172.5930263889982,314298
2015-04-21,1156.6482862565338,1157.0205955912052,1153.6310671730614,1155.0497857926407,159917
2015-04-22,1160.2444796964528,1163.6241779170562,1158.0855758392813,1163.076539793144,84204
2015-04-23,1162.5417806158935,1163.7770228565666,1157.54801639824,1160.9089063719869,144387
2015-04-24,1150.6939339498986,1153.5158760792938,1147.427556206039,1147.8965659773116,234233
2015-04-27,1159.380232609309,1167.9541806727682,1156.8903127315762,1161.4662748952755,125872
2015-04-28,1153.6666498789634,1159.6949646857984,1144.323895109476,1153.799033660605,204117
2015-04-29,1161.150744193728,1173.2043439370211,1155.7968599041806,1164.171449477912,187830
2015-04-30,1155.7162862556497,1158.613433111268,1140.411830171609,1150.2642855943143,296764
2015-05-01,1143.6513231433748,1146.10191021756,1135.3054732028024,1142.2604770923774,177872
2015-05-04,1149.0347604209721,1155.324760974907,1140.4628859840793,1145.4787568785616,233034
2015-05-05,1156.5737985207513,1162.7230814874033,1151.5777478373018,1157.397783529483,319538
2015-05-06,1158.288692758721,1165.4205339057496,1152.7814650437315,1161.3383022459686,243235
2015-05-07,1161.774318071465,1166.6351797704524,1161.2056826310907,1162.1657586170609,218798
2015-05-08,1158.385125811036,1160.7882173966823,1152.1893265143399,1153.79146615562,142942
2015-05-11,1172.2773489858896,1178.1856645060834,1161.6607046674944,1166.7961204293745,114890
2015-05-12,1158.458823023632,1161.0460442094322,1153.7943460103475,1155.87494619801,240487
2015-05-13,1158.106792310096,1163.3297413804528,1156.2823092511314,1158.1989356963998,187995
2015-05-14,1168.1314433567836,1171.2972690564231,1165.7710669374615,1166.7876830090147,280293
2015-05-15,1161.0197396737449,1161.4066720990095,1151.5252312325567,1157.3807070191615,224361
2015-05-18,1142.6914787956011,1149.7630938600118,1140.5535411293083,1146.1419322158606,263200
2015-05-19,1170.7175282054548,1173.7811582833133,1164.4081548179206,1167.705867809809,181664
2015-05-20,1158.6041889814092,1162.3060699005214,1157.0999549382434,1161.380897791606,113306
2015-05-21,1158.4088644294077,1161.0542942448571,1156.79015314634,1157.5118492948454,182743
2015-05-22,1172.1653955871009,1176.2957488846953,1165.013635095404,1169.6569221253962,82973
2015-05-25,1155.5317237720155,1156.7509808842526,1145.994207299171,1154.5611095647512,189805
2015-05-26,1165.4268428306123,1165.4322979770193,1164.4993091657636,1165.065682138947,80977
2015-05-27,1163.3821875509364,1165.6889411400239,1156.789104054918,1158.9867153064492,241342
2015-05-28,1177.7160085161452,1179.2392265521598,1173.027959550994,1179.0541944911142,113956
2015-05-29,1141.8676712007045,1144.4085045133795,1135.0109237610707,1142.9893259454245,297125
2015-06-01,1157.3573333588292,1162.1039495194082,1152.2513614715745,1160.4493057366415,192103
2015-06-02,1162.309709840814,1163.8676618833795,1159.606003591384,1161.6316921884184,284465
2015-06-03,1172.1153397967119,1173.0173878257785,1167.4270092067934,1169.4975574996954,173309
2015-06-04,1156.2636403857614,1163.1518929883619,1152.7534924609552,1156.5825769214616,243710
2015-06-05,1147.9483609175275,1156.2227716373345,1142.676140358691,1154.317059793989,106528
2015-06-08,1172.211091281126,1173.913657848766,1170.0703251614093,1170.6601116104682,185094
2015-06-09,1159.3661282614546,1164.810965515613,1152.695204529288,1157.1922328712335,299220
2015-06-10,1160.453907030437,1173.72233223935,1154.0287398745998,1163.2998976085955,137049
2015-06-11,1158.2308483958768,1162.2721269181177,1156.292456143072,1158.9610447405987,315641
2015-06-12,1162.5941133944586,1165.0493383757357,1150.0245908327252,1162.4435651037481,247289
2015-06-15,1145.8958457265162,1155.1730703973085,1144.9740086664478,1148.4250397810965,200962
2015-06-16,1155.0803560919835,1161.387089726464,1148.6486383871807,1154.136587461171,313675
2015-06-17,1157.3716474856612,1160.6084383213667,1154.4321619200705,1157.0402096633754,287040
2015-06-18,1156.3678579297205,1162.5651275304238,1156.1447603631298,1160.2290406434283,166965
2015-06-19,1158.1557281184096,1176.6590654412018,1154.7374194363658,1167.458664265056,210374
2015-06-22,1158.441071179174,1165.9983075437808,1155.125781153338,1161.532903253376,98910
2015-06-23,1167.4224573471686,1167.9855773290826,1157.5008742844218,1162.6177737774194,269298
2015-06-24,1161.58313071881,1161.722255742953,1152.1093525825331,1157.5129282543548,126887
2015-06-25,1166.6622532115139,1169.3829837774447,1166.050850159026,1167.7175272101258,115599
2015-06-26,1149.9617188091322,1158.3930238169255,1147.670878922945,1153.533284004149,171479
2015-06-29,1162.8916422092313,1164.6747907209904,1154.6872499232427,1157.9960505239203,124568
2015-06-30,1149.4474725119028,1154.0837785981685,1142.5284866633237,1147.0910884624648,135209
2015-07-01,1155.7375506993865,1156.3961033381,1149.0454709924636,1151.541633947031,156392
2015-07-02,1173.1634895073428,1176.5410531820153,1166.5433307186436,1166.8504062485067,131663
2015-07-03,1160.2357277760414,1161.7128677025094,1157.51903804837,1158.7242118354923,218795
2015-07-06,1143.9394967855246,1146.8850986809196,1140.273154871599,1143.6325397511498,273175
2015-07-07,1154.7282465054175,1158.3734640984449,1152.2560383437024,1157.2726056141512,271747
2015-07-08,1156.2711868860579,1160.0728460201276,1145.0524861665594,1155.7705227918302,132477
2015-07-09,1143.785980182603,1149.2030027517098,1141.2164705674181,1147.079065995449,269430
2015-07-10,1160.0256909308189,1166.019040428375,1152.248589592898,1156.407757685608,131873
2015-07-13,1150.7514131524297,1152.5681942561816,1149.8934968726564,1151.4753837664664,249602
2015-07-14,1157.2020115895211,1159.3957421342695,1148.1164749985796,1151.8888018166303,205207
2015-07-15,1155.6599583119068,1157.5874192042124,1155.321386753313,1156.7974141035684,154705
2015-07-16,1146.0542151339264,1146.162506957763,1138.7673091307968,1144.5688450621908,296956
2015-07-17,1154.4161628292804,1158.495625413587,1152.8336479643544,1157.038834992259,221962
2015-07-20,1149.6155355237408,1151.0946114869544,1144.4345866147628,1146.6639467672132,123571
2015-07-21,1143.1707210316024,1150.0870991586899,1137.3889411476205,1145.908918480961,145165
2015-07-22,1161.109766103722,1163.8467243413845,1151.7810381470008,1156.7058634674233,220889
2015-07-23,1149.5854229946663,1153.9768441401577,1147.362397330753,1147.7312755208857,109343
2015-07-24,1134.5265619416118,1141.042902217301,1121.571578728116,1140.630696560461,210722
2015-07-27,1137.793133116055,1144.0269079412878,1135.3517148610495,1142.3860133935318,197758
2015-07-28,1144.6661669523885,1146.1060418514105,1143.727950259703,1143.8504493885907,122866
2015-07-29,1129.7977134647485,1136.346870580043,1127.440707424872,1129.9714795537975,304200
2015-07-30,1151.5448082092496,1156.5858650987916,1142.7558063423612,1144.8550790837332,189372
2015-07-31,1136.3785773904522,1143.0930847159202,1134.2273179762947,1139.3035908767101,86255
2015-08-03,1125.9651517264517,1128.7368230420434,1123.173041748546,1126.6361420186267,115433
2015-08-04,1129.0007785468276,1131.9095982789436,1126.0009385091382,1128.9904276720843,268806
2015-08-05,1144.8563838621742,1149.7091851160337,1138.9236624327084,1144.0640326639796,254352
2015-08-06,1133.8513005595605,1135.841689149602,1125.2171633033922,1128.1491866095541,276326
2015-08-07,1156.9762013000932,1162.6601839817695,1149.6135210021866,1157.2542859814878,189230
2015-08-10,1124.2439983101451,1134.8724049605767,1112.2387595030527,1129.4825906535661,317138
2015-08-11,1145.6267569999393,1146.5310733371844,1139.7462695741508,1140.3553545839982,182105
2015-08-12,1120.9500913887407,1128.6373960710578,1117.4322115263758,1119.536548050164,213625
2015-08-13,1135.383786833185,1142.608237192372,1133.0018398151533,1140.3242385976068,103094
2015-08-14,1133.19296587493,1139.9061053553858,1127.435832934669,1135.38718368061,207187
2015-08-17,1142.681162659667,1146.1136738868622,1136.8800701242474,1143.6919170904778,191368
2015-08-18,1143.8402385089169,1146.158759504958,1138.3411601082528,1143.385138148385,318114
2015-08-19,1139.8558915338801,1142.056784807538,1134.778376018085,1137.1543274892645,306559
2015-08-20,1156.5754513706727,1160.2997217488687,1156.3068542001126,1157.358872486144,152702
2015-08-21,1145.7216546942761,1149.3716761488752,1143.7086555920682,1147.4477091753351,127672
2015-08-24,1131.1801220496395,1137.2005641547182,1128.2346532198603,1134.37618052887,309137
2015-08-25,1142.9648213238463,1149.392978243652,1142.2178722441229,1143.494171818803,248155
2015-08-26,1116.4010493731942,1119.3380579839873,1113.998993589014,1116.1337802639255,133260
2015-08-27,1134.9016123166587,1136.3822304556493,1128.0413694533993,1133.3268895952692,288473
2015-08-28,1139.4993030842181,1155.6410105315554,1138.2223626292982,1146.7282962194427,263852
2015-08-31,1129.4328393841215,1133.9471218875801,1123.5382411478809,1132.3507484309062,118973
2015-09-01,1139.2285152982524,1142.0745285962703,1136.614348751835,1137.61759152539,184815
2015-09-02,1133.7735716604705,1134.8838789343483,1119.3963121246256,1128.167341731772,255666
2015-09-03,1145.3763913017929,1150.2652794060978,1141.7763833225833,1142.316134761245,210747
2015-09-04,1129.019842687441,1137.471145471885,1128.7868946959688,1136.596546112508,129554
2015-09-07,1130.1569854831066,1147.8242743303028,1129.9128530525775,1136.586952158468,201498
2015-09-08,1146.434359640322,1155.7268195572292,1137.300402469578,1144.5212500227015,150533
2015-09-09,1148.4915429559037,1148.7529360890526,1142.0726274502788,1148.329527883872,93452
2015-09-10,1142.4274670438406,1146.5594917521028,1140.0382579388854,1142.200553805732,295542
2015-09-11,1127.6849665239943,1132.912357610937,1121.101970579873,1121.1758206895706,319117
2015-09-14,1134.9188466464625,1142.848419718076,1133.719986223371,1138.439727437326,215899
2015-09-15,1141.5561147712624,1142.7298182980473,1132.2042421158133,1137.512306487576,194820
2015-09-16,1127.8710996841423,1131.8244974608576,1125.2999684838835,1127.4890791435428,243493
2015-09-17,1121.724838194141,1127.5079377140007,1120.6623498047818,1123.6544213694324,315867
2015-09-18,1123.9443673464739,1132.7767619583067,1122.7294111471747,1130.8514249551063,151859
2015-09-21,1125.9752055634783,1130.2355851386858,1119.0160078490571,1129.8528991137096,190813
2015-09-22,1137.4376657502391,1142.9007513182125,1130.85552747253,1132.3673311643013,236669
2015-09-23,1126.8229862846622,1128.3812795719973,1125.0657753102803,1126.5075851776537,310413
2015-09-24,1137.4655627588904,1137.8427554558878,1133.2613654581526,1134.7696805363892,246683
2015-09-25,1137.9363748222738,1144.7234050858724,1127.6793034255986,1135.9795811274125,261763
2015-09-28,1129.693673005785,1133.6655581011587,1129.5944889586688,1130.198801290514,314294
2015-09-29,1139.4823515597298,1140.4689852833271,1127.5524540801418,1136.664929768115,122708
2015-09-30,1128.7799591594853,1132.0601383979376,1125.0597058260005,1127.713285177002,94230
2015-10-01,1116.5647722880105,1118.3799125920102,1113.8648539427904,1117.1542386757355,217673
2015-10-02,1130.8833726303528,1132.2045626295023,1126.2558478712724,1131.9317646230004,136356
2015-10-05,1134.1079870375963,1139.5897688024465,1133.5624210280619,1136.5199519382572,159751
2015-10-06,1152.594909227802,1156.908790059966,1141.9941420822524,1151.61031727728,197243
2015-10-07,1113.341815896182,1119.451176076862,1112.3556751028084,1113.9377898313082,107746
2015-10-08,1130.5555610518184,1135.4543087047593,1125.0178777235988,1126.8680806779653,156140
2015-10-09,1120.664843193626,1122.8399376835255,1117.4010258346686,1121.6711837749397,310358
2015-10-12,1128.8304923824312,1137.488037869029,1127.3681954542508,1131.836738788475,130884
2015-10-13,1114.6118228994017,1121.4431675998658,1111.300377252431,1120.7300804217348,204218
2015-10-14,1129.4553871221,1137.6017275808501,1123.9049175270197,1126.9283188835318,81257
2015-10-15,1141.5098535398274,1143.2919906881261,1132.9987290648542,1133.19067095262,90553
2015-10-16,1119.9307724378023,1122.3265754484723,1118.707327456508,1120.029062671186,232166
2015-10-19,1118.2812190432023,1127.3237822885847,1115.987764302755,1125.5923517690635,233024
2015-10-20,1143.0095799345377,1146.2255250221508,1138.9197322610994,1139.8760811716654,190829
2015-10-21,1131.0775596547164,1135.1093345018865,1124.537832123327,1133.286280604823,245819
2015-10-22,1115.1331520783522,1118.673191972732,1107.6302288023346,1112.8462202543717,137067
2015-10-23,1142.0505008385676,1144.9568713095382,1135.7885353748327,1140.8123168566408,297758
2015-10-26,1120.5541270341148,1122.0736328811474,1114.7145351259742,1118.193930578486,301557
2015-10-27,1126.9959164427548,1128.694808814703,1119.5970952395257,1126.5776458996484,120130
2015-10-28,1119.3972002021692,1123.5117986516086,1112.1064127932486,1120.277455428125,184091
2015-10-29,1123.8480506504106,1127.3486963996324,1117.7202065989502,1120.311600869505,157309
2015-10-30,1116.5725608805383,1118.5785595081156,1115.0189687317852,1117.5105138176564,84966
2015-11-02,1131.0003704043029,1132.100822522872,1125.2327703960852,1127.1021263158025,106031
2015-11-03,1113.8358946623828,1117.042559762235,1110.7418254143543,1115.7838012209963,174521
2015-11-04,1111.9676324763773,1112.6509765340138,1110.5173147357718,1111.467133186634,245952
2015-11-05,1115.0572265953338,1120.8564259260406,1108.9704650782044,1117.4899643893607,242373
2015-11-06,1125.1208459578063,1128.2518536255036,1119.9185543622468,1122.0445884112048,160611
2015-11-09,1105.7018358208386,1109.2271899193106,1102.368152816258,1107.8859472230786,142250
2015-11-10,1127.0996024201822,1131.9024665281381,1125.8348415285325,1129.8034054468885,216149
2015-11-11,1120.3576745219489,1120.9190362336105,1116.051036558161,1117.2402029648026,291437
2015-11-12,1128.4354090679522,1132.268787568025,1121.015576127749,1127.30798225583,132825
2015-11-13,1132.1202614736237,1137.893285616796,1128.607044805146,1132.3986854285895,256597
2015-11-16,1121.2037126500754,1127.0104942492287,1113.868177235506,1124.4718926296534,310446
2015-11-17,1124.9778662817923,1130.0772143894862,1124.685228664489,1125.1375574446533,144522
2015-11-18,1118.296704532572,1119.7972958571224,1110.7048730240558,1116.9909361779373,103455
2015-11-19,1118.0603827885413,1122.6822226822985,1109.7491661829188,1115.8854713967496,283726
2015-11-20,1103.4252952847864,1112.9891740988146,1103.0067526164057,1105.7273864260142,237757
2015-11-23,1120.1487355157974,1124.9869724152088,1112.6270198620202,1118.512487128452,282078
2015-11-24,1110.4280341630104,1124.2685266840147,1107.8027815933578,1116.6473281555118,165936
2015-11-25,1102.1732181119962,1105.148567728747,1096.6422941231322,1101.98387532854,231431
2015-11-26,1120.3582914136805,1129.2097536590531,1119.9165724093186,1123.3719089371255,80229
2015-11-27,1136.8884759519133,1142.1402330899864,1129.0499636422749,1134.5266773897713,243134
2015-11-30,1125.3369800924036,1128.9016894563222,1121.2600146369234,1126.7703445154373,191734
2015-12-01,1139.8265352425142,1141.3085958891393,1125.4526691368314,1132.220059264724,91034
2015-12-02,1120.4253168269415,1130.934436077865,1113.3928827986051,1119.9367905671247,301145
2015-12-03,1115.124068187889,1117.022175385847,1107.1419610579185,1114.0913224678286,80426
2015-12-04,1114.8906403035248,1123.0755525534355,1109.46479007743,1122.3679094323115,240401
2015-12-07,1112.0385001922612,1122.5194798234702,1110.3123917415057,1116.593787305513,141418
2015-12-08,1114.8828042892571,1115.0191867668932,1108.937938032124,1111.6023607130346,159893
2015-12-09,1126.4649497153916,1131.2309594370786,1124.219388520115,1128.7497648260246,230222
2015-12-10,1126.1465674786066,1129.296099452743,1119.360235193149,1122.5258062697328,305149
2015-12-11,1111.9443675402897,1114.8319526753855,1109.9476016935553,1114.31318362215,220245
2015-12-14,1124.4188036090563,1125.7503717379911,1121.4992452216839,1122.4612581656647,83624
2015-12-15,1116.1123569458903,1120.357266714203,1115.833047886577,1118.79335385392,157419
2015-12-16,1125.965340863188,1128.6202228067507,1121.7889370439282,1124.5871989082968,134836
2015-12-17,1132.6912246350266,1136.4456292155141,1125.6400935370823,1130.519013337605,236951
2015-12-18,1115.2853967538647,1118.5611209512851,1111.945215592831,1112.4039589291094,121093
2015-12-21,1104.870720788987,1114.7992617409343,1103.3004084072638,1107.3226952498183,196903
2015-12-22,1123.117760139659,1129.431033115241,1119.221199411627,1127.4650720679856,270411
2015-12-23,1137.7105755327734,1142.5824561911143,1133.7480521893904,1135.9153556947333,149005
2015-12-24,1112.4305539434067,1114.4648016762037,1111.21659243603,1111.7524622116719,101153
2015-12-25,1112.4356996822823,1116.0560806858537,1110.2284800912216,1110.3029580725342,116217
2015-12-28,1103.2488384875232,1111.4475833984002,1094.9177692049327,1107.2285421588908,82266
2015-12-29,1117.7419566167202,1127.1367788456753,1110.2756985067506,1115.355406026009,314293
2015-12-30,1115.438865365336,1118.6482253323406,1113.6896430875884,1116.0478164171102,209454
2015-12-31,1110.093308132798,1122.9566271975684,1108.9533532667679,1113.6488974156641,247684
2016-01-01,1122.171308695254,1124.3488386523734,1120.5413426021016,1123.7195709258474,263506
2016-01-04,1114.2080460020877,1115.73052073676,1105.7264826344099,1111.2584376659224,154244
2016-01-05,1111.2150223365097,1115.9581566831798,1108.447734276648,1110.7148368989883,158618
2016-01-06,1106.1200049107279,1114.2973265452067,1104.8671586814833,1105.6825747307819,136874
2016-01-07,1128.5834049645828,1129.673152512508,1124.597833456062,1128.3418372350714,174858
2016-01-08,1124.3977119837643,1127.2204885640733,1120.92357082322,1125.7228259311416,226515
2016-01-11,1130.7680629292902,1138.8484793521807,1122.7431046516263,1126.7479069117487,293542
2016-01-12,1109.783766726307,1113.5027894099271,1103.9065743867254,1109.7311963193379,242608
2016-01-13,1121.5431097338346,1138.7304548694312,1121.087070345665,1126.3534954479985,181858
2016-01-14,1113.7858411157547,1119.351569413022,1112.6193042834943,1118.54628688399,301070
2016-01-15,1119.8968809761077,1125.3407601791691,1115.6627732666702,1121.7436608599514,297143
2016-01-18,1120.8255645498919,1124.7761583235465,1119.5918644607739,1122.1065491301595,289665
2016-01-19,1117.6840321898235,1118.1071280713081,1111.3179838337492,1115.3101906860218,270985
2016-01-20,1106.8831480392948,1117.627296266358,1106.6840146521088,1115.4488137530957,227275
2016-01-21,1107.4821211847586,1109.335935151031,1104.1454075260228,1105.0215824492666,168894
2016-01-22,1117.686859377457,1126.6016110415683,1108.258884569044,1113.8537356167333,232705
2016-01-25,1113.9485966564725,1122.7015676466503,1106.4761013677924,1115.5308258540597,220380
2016-01-26,1111.464528411789,1112.0634718677059,1106.4165019283562,1107.3953496882402,115114
2016-01-27,1112.1912589150427,1116.8994973204308,1106.9798079119869,1114.4393626750343,120025
2016-01-28,1124.1774948446518,1131.188189393803,1121.2983099885926,1124.7377937000317,182397
2016-01-29,1108.0436667181614,1114.7096961621246,1106.575716226509,1109.6799516995993,309999
2016-02-01,1108.3573501131812,1113.3685738696654,1100.4386946530678,1103.1579982363362,270521
2016-02-02,1105.4644058605259,1109.0101646537819,1098.5625235877837,1101.72272073638,99020
2016-02-03,1113.151182356796,1117.9705896691876,1106.8797527337922,1109.5618751727677,139525
2016-02-04,1118.9267691586324,1124.7680809182286,1115.277314684408,1122.7064215679134,244456
2016-02-05,1110.086181958809,1115.3824960035452,1106.1127848295241,1109.7647856035735,203575
2016-02-08,1105.517731753634,1114.8094223655326,1101.816435831122,1109.2502184231005,166218
2016-02-09,1097.8730112139572,1099.650774779861,1094.2484818069777,1097.3669008364402,200024
2016-02-10,1109.954809665319,1113.3909861475363,1101.88668526805,1108.1124318796371,243477
2016-02-11,1115.8375528496317,1121.8394102975528,1111.107811659907,1111.314598550089,147756
2016-02-12,1102.9974160142074,1107.9992034083618,1098.2508898889166,1103.4598322217053,267093
2016-02-15,1107.004747141453,1107.9194604186434,1104.4740006392522,1106.2359538569128,286151
2016-02-16,1102.0572405376515,1106.8583779232738,1101.3468610482478,1102.5056450759178,134010
2016-02-17,1108.7794591270351,1117.5167475394906,1107.0530476666079,1112.2941315379132,155797
2016-02-18,1121.8798823405539,1126.8036003044544,1111.574707259178,1116.3724459037917,313336
2016-02-19,1111.0321320452774,1112.1330750439663,1108.5940451788906,1109.75181364681,112432
2016-02-22,1117.5762326018294,1129.2003836547547,1112.780321516093,1112.7854913954957,238168
2016-02-23,1111.7380050245329,1119.150652386072,1108.906143844266,1108.951358472691,257048
2016-02-24,1101.0618789005925,1111.902153191867,1100.4099010282941,1105.2161835304971,158528
2016-02-25,1101.2211352015704,1108.4360021158902,1099.0529966288811,1103.2402764637993,207220
2016-02-26,1108.6411819038685,1109.7711647505414,1103.8351960555294,1106.362885214087,172673
2016-02-29,1112.9393025279944,1116.0978926216535,1104.372444103,1110.0947046622425,138856
2016-03-01,1109.291593656727,1111.376121007365,1104.132020600343,1107.0065614467096,143721
2016-03-02,1115.268278901013,1120.3195641685622,1107.2658327910303,1115.235308969527,132885
2016-03-03,1116.850065086173,1126.018226678312,1113.166128220847,1113.9704943470558,129607
2016-03-04,1116.2736120973284,1122.4410801682504,1109.4946910816889,1119.535053675109,86667
2016-03-07,1112.778091636994,1118.5312257100652,1110.5542127615965,1113.5776821192696,305686
2016-03-08,1103.119106553448,1110.1865454459096,1099.0721689702623,1106.9124417406988,208858
2016-03-09,1111.2107668227509,1113.3677516158718,1099.3702616180456,1107.916902445733,308808
2016-03-10,1093.4352456775632,1094.6579287560214,1091.023157509944,1092.1980764130676,134826
2016-03-11,1119.8164343890555,1123.6862201982321,1115.2876470771532,1117.450508484097,262133
2016-03-14,1097.0104095727063,1098.065145042737,1094.0454529867186,1097.8601519699328,237607
2016-03-15,1092.3276310977592,1103.0025034483172,1085.5291733421304,1100.6573330598767,219000
2016-03-16,1115.9574390191647,1118.7616376763203,1114.3319583398647,1118.5916086384707,87835
2016-03-17,1094.782975714852,1096.4856222338278,1091.164640353493,1094.275128648442,253335
2016-03-18,1097.1414349868016,1097.2453677328629,1094.399776613561,1096.9589527682374,264496
2016-03-21,1107.6404288613894,1112.8106222407798,1100.3330236273484,1104.604159476364,205119
2016-03-22,1103.2238429008798,1106.8926376594436,1098.6132084221556,1099.539994969155,271524
2016-03-23,1101.9201024790327,1105.7090500298616,1099.1699384129863,1103.7646449764643,213471
2016-03-24,1107.764579732173,1110.7009335191597,1102.6428164484012,1105.1632858716891,278045
2016-03-25,1103.0933788783852,1111.0881732697737,1100.7397498715638,1108.8250709443273,184569
2016-03-28,1105.1746085902932,1107.087820752059,1100.6116376611892,1102.9691411071296,120322
2016-03-29,1101.0582560734113,1109.9699585918272,1093.5484963777758,1108.0550806957388,263553
2016-03-30,1099.9301315575453,1103.1150230233307,1097.8577913301851,1098.2745840488017,110874
2016-03-31,1098.7472398828554,1112.0056732434848,1093.17263592111,1106.2933919087482,84204
2016-04-01,1112.1746005879083,1112.4258839204742,1109.9652853405246,1110.5329386585306,122213
2016-04-04,1090.388855281629,1091.1623887879402,1083.333600338764,1085.2074345267242,291479
2016-04-05,1097.8411061848262,1101.1439099676504,1092.5135817086832,1098.3942162858166,236495
2016-04-06,1104.6653565927381,1105.6610761005943,1096.5397412071397,1102.33967787639,234502
2016-04-07,1088.9848013839726,1092.2273387301277,1085.1373429911287,1085.3624514165995,246849
2016-04-08,1066.8758236854526,1076.4922460658893,1058.1447292718565,1075.5648392641508,110566
2016-04-11,1096.0532405490378,1109.0583623455686,1092.9905829040404,1102.4416234079752,278426
2016-04-12,1093.8337268078774,1096.1527779387861,1085.752655138025,1093.7754675976016,152638
2016-04-13,1099.707451493215,1105.4200027550148,1095.9078067988448,1103.3346542812972,171547
2016-04-14,1095.844796404082,1097.9351242431214,1085.766482343999,1097.1885863705336,300024
2016-04-15,1104.2127689572765,1108.2967280154583,1091.4595961981256,1095.227692726181,241981
2016-04-18,1098.9350559403697,1100.4923426017394,1088.0555848531494,1092.8008237489626,244996
2016-04-19,1096.619042869788,1097.1210111733762,1090.162093767388,1094.4650383028984,194894
2016-04-20,1083.9257749317896,1089.707928976443,1080.3814779269073,1086.1038549176399,253254
2016-04-21,1090.6901815666572,1091.1792508041603,1085.6532678198937,1088.8568408879912,167065
2016-04-22,1102.354949850678,1105.7864491850526,1097.5125918881267,1101.13243812034,237576
2016-04-25,1090.892938966058,1099.1594094274908,1084.8553397531348,1091.3721616512978,174713
2016-04-26,1101.045370787305,1105.4761631500667,1095.437578395219,1095.506482904924,290330
2016-04-27,1084.17537092278,1094.0695624579323,1084.1154405011791,1090.4182859456914,134332
2016-04-28,1091.5070874752546,1094.6625431298644,1085.8793358219334,1086.239591139264,290641
2016-04-29,1079.01253372212,1083.262881762573,1074.2375975567559,1080.3243724374765,92236
2016-05-02,1099.4279124524,1103.0745047662658,1091.8673284268866,1095.0110765873046,244954
2016-05-03,1082.05699971902,1086.0520406862038,1074.468014423067,1082.420839009518,189629
2016-05-04,1091.9567470405357,1098.877731507147,1084.150471299685,1093.7807858275703,289554
2016-05-05,1075.2182204221656,1083.7598356009055,1074.0939929603715,1077.32864051315,196115
2016-05-06,1095.7641881216455,1099.1684571822968,1091.9954280151217,1094.8238683243137,98917
2016-05-09,1099.154119008526,1104.5673585574953,1096.6129581338946,1097.893890230448,223151
2016-05-10,1099.3928941298252,1105.4078691729947,1089.2753065301458,1089.2963851795835,149745
2016-05-11,1083.8549541223776,1085.23881604752,1071.656312760545,1078.5479796163859,260133
2016-05-12,1089.812525033174,1093.1043682418024,1087.422846178763,1089.8568714916355,119864
2016-05-13,1087.8521312006349,1093.6461496247339,1082.7778856360744,1091.8010877482016,143932
2016-05-16,1084.266551163178,1085.8690318663369,1077.7289798047539,1083.8525743267874,244706
2016-05-17,1084.5004273840048,1091.2415844180716,1082.077838897351,1082.5059260116852,231143
2016-05-18,1089.1125629620237,1098.663668264334,1086.9259803770206,1094.6712602475309,265664
2016-05-19,1085.522231312906,1087.5141406578732,1084.4801062912156,1085.3954698730745,151946
2016-05-20,1087.8806936269127,1088.3049196204547,1079.1730322071562,1083.5141726354602,300586
2016-05-23,1093.101273459939,1097.5541618008656,1092.281118384702,1094.5395885491073,208568
2016-05-24,1081.666401082327,1090.0572527296392,1079.244779459878,1086.872683963048,123423
2016-05-25,1084.1461002360234,1085.7599507196285,1079.5295720129145,1081.5388598408304,210320
2016-05-26,1098.5011802907397,1099.8555014535905,1087.1745728864782,1093.0151756666344,100823
2016-05-27,1081.5114188493574,1082.9966080870563,1081.44440303009,1082.0790633803786,171707
2016-05-30,1092.8484144386905,1103.1331982537465,1090.8272429213955,1092.1720247618352,178419
2016-05-31,1083.8749663226763,1086.4029543376726,1073.1642565784368,1079.8937613378127,202758
2016-06-01,1088.8510212375977,1095.4128433795674,1080.8148119501795,1086.9223954389931,196841
2016-06-02,1089.14625885193,1093.812180847428,1085.12891532151,1091.3063521269873,265020
2016-06-03,1084.615201668177,1089.8383449353678,1081.9021054696966,1085.6058601647212,88995
2016-06-06,1083.7110973952804,1085.294985917562,1078.6833108208277,1083.8360804921558,184103
2016-06-07,1083.5175684589578,1091.9304168127085,1080.537085177385,1083.3603809733506,111709
2016-06-08,1092.5806823462913,1093.3176050061286,1079.5726971140582,1088.531787898391,124865
2016-06-09,1078.9098763869326,1085.3241845663658,1077.9536961967594,1082.1472028218932,94026
2016-06-10,1084.8773206715503,1086.720912823041,1082.6979225763143,1083.4127238400515,86365
2016-06-13,1075.7364502737291,1077.2283547211582,1074.6376678533277,1076.0841884883505,188004
2016-06-14,1087.6116750356766,1099.181156127989,1084.180026702323,1094.3990259831774,177530
2016-06-15,1074.4786290759644,1076.1378894024704,1067.5723224595415,1071.9179247671225,211488
2016-06-16,1086.4675551499909,1090.4965345625255,1085.0265967784594,1085.8402852499319,298525
2016-06-17,1068.3519359946636,1072.8563334898254,1065.4185515007214,1072.4331085960318,298230
2016-06-20,1079.1362605296183,1086.6872808755072,1072.3307037218324,1084.884703024827,196975
2016-06-21,1094.4404386498634,1095.337392119103,1085.3685015740994,1091.1359772429728,289786
2016-06-22,1077.07089520635,1078.7981535302772,1067.900241717105,1071.3986042753095,127360
2016-06-23,1091.2013615623052,1096.6802331832198,1084.3846852982401,1090.7437370589516,116923
2016-06-24,1067.3020380061726,1074.582017530454,1066.4849603246437,1067.882272071954,103311
2016-06-27,1071.9111619060998,1072.3797697478985,1068.4132308605454,1069.3810277439952,174621
2016-06-28,1076.6714686970352,1079.6576661338324,1076.5230634883817,1078.6939876216038,99539
2016-06-29,1066.8417387012134,1069.7986736565033,1064.8946096978373,1068.3986701716196,295820
2016-06-30,1088.4810086436137,1088.9860465834151,1080.4370506685107,1085.1644718177113,91421
2016-07-01,1078.3218461027395,1083.7644141270607,1073.7486692170282,1081.9639632783117,251131
2016-07-04,1061.8486591459066,1066.3481199240034,1052.289110335436,1057.9763376381645,191944
2016-07-05,1068.7585374945643,1076.3985829859323,1065.362917021727,1067.6331561952545,245266
2016-07-06,1077.7727502976188,1083.2148050095211,1069.9292381930466,1073.3176970193913,279816
2016-07-07,1074.869021457584,1080.9411595113445,1068.4784823478053,1080.86937872116,131890
2016-07-08,1075.1497437165467,1081.7057162888382,1068.180032456444,1070.739579305979,286167
2016-07-11,1073.8483201351496,1075.5204336635027,1068.3607930199928,1074.0132225739342,249379
2016-07-12,1087.9437738847332,1092.0258180567942,1084.5136256884875,1085.6786497735643,245362
2016-07-13,1072.708391886449,1076.2575881154687,1068.120734264757,1075.2477526864466,215950
2016-07-14,1083.9381536778271,1092.6383829735366,1082.4209625674114,1087.2070448460727,301342
2016-07-15,1078.4231717152536,1082.751039261588,1063.9005682076477,1074.4718981245505,201394
2016-07-18,1096.361818123111,1107.6883875969713,1093.858239773097,1094.5932137738037,227893
2016-07-19,1098.674453202639,1100.5902197191488,1095.9107827254988,1096.6581947070601,259180
2016-07-20,1079.7705417619386,1085.4452082050266,1073.0876944574015,1077.3524708939242,167940
2016-07-21,1070.5358983540016,1071.185912886009,1068.1321541138932,1068.3762875100902,81505
2016-07-22,1067.2443461655648,1074.5026025123911,1063.9134936442504,1072.2871767294523,306330
2016-07-25,1094.3708693679596,1099.198025213552,1091.3121035185195,1095.2405177172848,82280
2016-07-26,1081.7767991471012,1084.3848961857736,1075.7847796775234,1082.7514402436375,286005
2016-07-27,1103.7967627039814,1106.577575174342,1094.6727042388175,1096.843784255487,293329
2016-07-28,1082.5512886993827,1095.2264271299623,1076.7334095061765,1077.9432186702484,307122
2016-07-29,1079.9662612990776,1094.5176188025325,1073.9116869828867,1082.738198570057,214677
2016-08-01,1086.4362089337133,1092.3091300161568,1084.201851105483,1091.2619134685613,277244
2016-08-02,1102.722231519165,1105.0888479265784,1099.1501878868798,1100.1154906150223,166903
2016-08-03,1090.6962342208133,1094.5942159400163,1087.7431747182084,1088.589540826662,150980
2016-08-04,1087.270956173653,1092.3844310136392,1079.4607773223747,1082.5007449058853,214576
2016-08-05,1090.777040420178,1097.4879986182266,1088.105290533226,1094.47683234256,211737
2016-08-08,1098.6136039978333,1105.2185364457705,1083.7031405233342,1092.8107878931946,306267
2016-08-09,1096.6933593060437,1105.2368932618517,1091.533734714731,1095.8325265478777,146394
2016-08-10,1096.0579023404287,1098.3249582552323,1091.2092120908674,1091.527618044826,184461
2016-08-11,1086.3143505807195,1090.6977068855108,1083.7272735477336,1085.1701861683516,199753
2016-08-12,1088.7359055626425,1096.3412188119055,1085.2534072349458,1089.9284930658769,247156
2016-08-15,1066.6097261075313,1073.5282470610832,1061.2338697264736,1069.0189998302467,271229
2016-08-16,1096.3081150006853,1098.6212222094312,1084.3571768040351,1091.5133360953748,307160
2016-08-17,1088.0336430883392,1102.2050168558096,1085.2842501269522,1098.702015010944,262341
2016-08-18,1096.3593723554745,1099.9175205168906,1089.7301197029237,1092.490745870448,255383
2016-08-19,1083.168849523485,1083.3977539966122,1079.8804623492413,1080.6660199726114,242615
2016-08-22,1072.6910714934033,1077.617874524198,1067.6164979406715,1074.7864735046683,181954
2016-08-23,1100.5484552179032,1101.546462984363,1096.1279225594983,1097.7368964423645,313949
2016-08-24,1082.754838364797,1087.6257169078672,1077.340055804254,1082.980711079119,225561
2016-08-25,1081.206585309805,1087.5225850956865,1080.9943919587793,1085.356790845676,198941
2016-08-26,1087.6199251724734,1092.5211238410413,1083.0905776684554,1088.3980540463542,144957
2016-08-29,1085.6644559929089,1089.0960249693683,1076.6723973560865,1083.5275472965666,129897
2016-08-30,1089.1859284365935,1096.1089293402058,1086.4875384834456,1088.861641771572,308430
2016-08-31,1099.066388388079,1107.757934818196,1098.5851628162177,1101.4908577235053,276563
2016-09-01,1089.2275500882974,1092.2136728983098,1086.5489072833743,1086.7749699732985,114529
2016-09-02,1108.0323658063537,1109.2402895539808,1102.818216665833,1105.3507483488147,118673
2016-09-05,1098.6609872669133,1101.788521382231,1093.337395151268,1094.3900953886239,115938
2016-09-06,1095.6702768333266,1097.741311518666,1093.038794239806,1094.780731935,120012
2016-09-07,1105.8238997753708,1108.1813391718624,1092.3229352227283,1100.5845924373182,244565
2016-09-08,1098.0923752946949,1100.848968948074,1094.7656860979178,1100.3838433114993,168203
2016-09-09,1100.045594366738,1105.6246430820363,1100.030871923554,1101.4043491381453,96515
2016-09-12,1094.1707544585306,1102.4448167717555,1089.6602803383098,1098.8946663956942,303700
2016-09-13,1092.8600985869525,1098.6967885830315,1087.8839816489697,1092.9884069713798,311168
2016-09-14,1110.2311081553098,1113.1130291109348,1108.0759328019715,1109.9371524120947,97192
2016-09-15,1096.988176883542,1101.561985596193,1094.2762292400644,1096.998351545814,150846
2016-09-16,1087.3941714635548,1091.9293098739936,1085.2089081712872,1091.6352016792705,242089
2016-09-19,1110.261080851874,1111.0960662061286,1098.671359352431,1106.721175125966,258944
2016-09-20,1100.0479137538673,1107.6914389704755,1098.7454683326825,1105.7752006273831,248685
2016-09-21,1098.9998752218269,1104.5161041925157,1097.6821601743636,1102.1501353634205,112303
2016-09-22,1090.0810289464357,1101.8595985833147,1087.5798073982526,1100.0994906034,125038
2016-09-23,1107.4625799188482,1109.8910943413762,1099.2750485469837,1103.8749088874868,239779
2016-09-26,1116.5399439186629,1118.8825224542961,1106.9624727654461,1113.767548461447,82094
2016-09-27,1097.6749746868782,1104.6769864330854,1093.9381346154507,1098.3087978047024,149799
2016-09-28,1089.683970121778,1091.773684952529,1087.908004152163,1088.5539578825649,199548
2016-09-29,1089.541150767481,1096.3827034293865,1085.9464615116772,1093.7214799206272,280665
2016-09-30,1099.8516024876267,1104.908398494391,1099.845874868516,1103.5315092114238,241425
2016-10-03,1097.3577450242462,1100.852133698891,1096.5632888378534,1100.6685184078012,255505
2016-10-04,1095.1782522225694,1096.8606704733118,1093.2481559931966,1094.093896676969,111185
2016-10-05,1103.8728972532447,1107.6075245095133,1102.7891899974893,1105.1992043715802,132770
2016-10-06,1106.7140057967,1112.5315701491431,1104.727527623982,1106.1121724243878,156001
2016-10-07,1095.5249507679857,1099.7858742451951,1093.9333702090028,1099.157047886268,253865
2016-10-10,1098.464455880116,1103.7858533521758,1092.7886418110807,1103.0706109375612,228663
2016-10-11,1096.0781051037886,1099.2127121639614,1089.9176678877827,1094.643968603629,205016
2016-10-12,1095.179291528891,1098.1367188431286,1094.1190966771806,1094.2006443990724,111530
2016-10-13,1099.1546487056112,1100.662420688097,1090.4220656078378,1097.6566478870159,245372
2016-10-14,1089.2289232728297,1096.7790724972388,1087.2518884200051,1091.3648869792912,143605
2016-10-17,1106.2858755934863,1108.5844654490782,1101.1135016778396,1105.3584778656307,92457
2016-10-18,1096.2202715714845,1104.482489074282,1091.3035020268012,1101.5264620654793,131985
2016-10-19,1095.0014822008234,1100.0205479981212,1094.1321535701738,1098.7219685072291,276949
2016-10-20,1104.8427565029858,1113.0983767592343,1096.2149745427057,1103.7264944451013,101462
2016-10-21,1101.8253053290375,1105.1920882812428,1097.1728252566716,1105.0618115155028,123244
2016-10-24,1094.5778533988635,1102.6189959564297,1094.517201069018,1098.7320786336672,294320
2016-10-25,1096.4507655090988,1114.2672160993432,1094.2960016539002,1099.6499759652302,277688
2016-10-26,1104.4004314691556,1105.9801254041388,1092.2434377674858,1098.738822989659,317914
2016-10-27,1113.248083755004,1114.8339937507046,1111.4834470715937,1114.7102537096607,222877
2016-10-28,1093.278044874243,1100.0617344272023,1089.2525055374006,1092.2239842900035,292594
2016-10-31,1106.1797613823712,1113.8454749793639,1105.799372920903,1106.7144255206078,111182
2016-11-01,1121.3936198030624,1130.800123132043,1110.028607904984,1112.9842610983549,205459
2016-11-02,1098.4899514635026,1099.008828225393,1093.5517985028791,1098.7972003655727,299154
2016-11-03,1102.6666870031097,1106.6734722583565,1095.8660112787788,1099.024452458093,241276
2016-11-04,1103.8947832643817,1106.0913368631864,1097.4511474349808,1100.604015701713,225764
2016-11-07,1097.1551168312515,1102.0522996214438,1093.7083991169668,1095.6118968524174,202219
2016-11-08,1119.4311335723023,1119.5363168137335,1117.3868105284748,1119.292742997143,310865
2016-11-09,1104.5129640158007,1112.5408714476787,1103.2773580833841,1109.6338358994046,295192
2016-11-10,1104.7029112015225,1107.176152208391,1101.8992469558866,1102.6636199145612,166437
2016-11-11,1113.611206755522,1120.1503001778792,1103.9872334403005,1106.0036541261102,134235
2016-11-14,1114.1143709602006,1116.2154786835838,1105.7533980177825,1112.1151248526965,296860
2016-11-15,1115.550454111322,1115.714614879515,1099.285530741373,1108.395231319198,269775
2016-11-16,1106.5957062505636,1106.6928102649256,1103.2996407548485,1103.9693297239169,313360
2016-11-17,1119.0139126374772,1125.0836979459918,1114.3672599241224,1115.6605295273498,218943
2016-11-18,1102.9200666882007,1110.181889374141,1100.4976260046033,1104.362295988408,283250
2016-11-21,1109.3442077407262,1113.8499550469626,1108.4521671184702,1109.616958514838,151947
2016-11-22,1117.6175085359598,1120.098374179712,1115.545034519477,1115.7713009105769,99164
2016-11-23,1112.596369239618,1117.8980255128085,1107.1050129292782,1108.535549227918,223660
2016-11-24,1110.2691211598415,1115.837505023205,1106.4576140719103,1113.6319772198988,213075
2016-11-25,1104.5385896083376,1110.9809488635221,1090.9753606434317,1109.2783069907898,249130
2016-11-28,1137.0234523467368,1141.5758695843904,1129.460701068197,1137.2372055925682,285291
2016-11-29,1112.9929526426527,1115.589131218027,1110.9857845086804,1113.1985041959404,138979
2016-11-30,1122.5824685072953,1122.9912055830814,1120.2050645675881,1120.783782418628,189601
2016-12-01,1115.4043340733303,1117.1817589849556,1105.8496075186813,1109.3567399901092,171701
2016-12-02,1107.8135246239974,1109.618940010503,1105.5801873755938,1109.5684236963375,108519
2016-12-05,1122.2767330118963,1124.6407892470222,1112.1435242954433,1115.6341457881686,163746
2016-12-06,1117.0595259707875,1121.7841112586018,1113.0730246100102,1114.917170465687,312839
2016-12-07,1115.3100585525997,1117.3198377197093,1114.4228309569223,1115.0443230445233,227840
2016-12-08,1111.2686012751158,1121.023199799368,1103.7073555771108,1116.9104876446995,168799
2016-12-09,1130.583769366614,1135.166111539171,1120.903105534837,1125.2128657381288,120092
2016-12-12,1138.6514797037141,1139.7763992949635,1129.1192943736175,1132.2482730688407,97242
2016-12-13,1135.769597184394,1135.9426804917669,1131.297249316587,1133.8959984485841,279961
2016-12-14,1122.3980423901496,1126.014872449751,1118.262173733792,1120.4479817309798,140609
2016-12-15,1133.8054601591405,1142.499243316273,1126.3218538532726,1135.1258775781123,156732
2016-12-16,1126.8975246859666,1134.6952997073229,1120.8086215635888,1133.5020624182484,139290
2016-12-19,1110.809539774719,1115.8032253680274,1104.1201677882743,1113.4027853784685,151431
2016-12-20,1108.578691349813,1116.2650505656716,1104.164124665789,1113.4286901578168,253001
2016-12-21,1110.0947765686633,1119.8223628690196,1107.3210867455361,1114.699523557942,147608
2016-12-22,1130.5365250685056,1135.3052785695193,1125.4308067076197,1133.3728948997928,185342
2016-12-23,1114.980756477188,1121.480582289677,1113.9182078566196,1116.8781949886015,84128
2016-12-26,1117.1623566995738,1120.8519497610503,1114.3901784852599,1115.2936459522841,283715
2016-12-27,1131.716915106593,1132.2421715403007,1123.7887485876895,1127.066085140566,149795
2016-12-28,1113.1839678285094,1117.650966156828,1106.6227779301726,1113.839719953544,113853
2016-12-29,1116.934349779663,1117.272013624057,1114.0048021793118,1114.105951443805,127170
2016-12-30,1117.8282902790943,1121.7369238662861,1114.0929617048507,1118.9650510423867,176511
2017-01-02,1117.077368483721,1119.6442844710155,1117.0233111626496,1118.0793453373826,129438
2017-01-03,1098.3641242696383,1105.835411191742,1094.757791229005,1097.1444150945463,297254
2017-01-04,1103.8080550461325,1110.1005461217076,1101.920667678724,1105.899058021205,132878
2017-01-05,1123.0855511285602,1124.6680957473427,1120.1214147211545,1122.1832775031319,98436
2017-01-06,1105.8302354317884,1110.537150680492,1099.1437830603154,1107.4540727274743,298482
2017-01-09,1127.5539799660442,1134.758849807632,1125.3043158162086,1130.5499884257542,288676
2017-01-10,1117.8808656832678,1121.3882323334278,1114.5887584943168,1120.1650504080437,296725
2017-01-11,1128.7964136510575,1128.7991402100888,1120.8038277618618,1123.5016205846698,316872
2017-01-12,1125.248807064614,1126.0769913492766,1123.8825650604176,1124.3746743341308,141558
2017-01-13,1107.5094919254736,1111.4659969070078,1106.7004808959646,1109.0502162015543,111465
2017-01-16,1119.0088610887194,1128.3856319032773,1115.451434118155,1118.3966655519764,81646
2017-01-17,1112.4363562069977,1119.7655522245227,1110.5502322818502,1115.0519883202853,164422
2017-01-18,1122.5874933875766,1124.8196152743203,1117.4288904772106,1124.2238723816229,236229
2017-01-19,1133.8312433613169,1137.1320337904754,1133.1951012651755,1135.0984071273285,254703
2017-01-20,1114.4907512183095,1131.1308731999143,1107.8478542161927,1120.2919460719943,140243
2017-01-23,1124.1508712454943,1126.6876246490115,1114.3189657974403,1124.7499253625224,250369
2017-01-24,1110.7089442332085,1116.5992562557785,1104.5442924478025,1109.2556301621246,319165
2017-01-25,1121.8974620365352,1125.0104223951464,1118.841854393433,1120.9951663800016,153288
2017-01-26,1121.5865772443224,1124.7066769493458,1121.409117520971,1122.1279063899678,161012
2017-01-27,1126.0452618443642,1131.1987752788646,1120.8525445214502,1122.4330453339858,154804
2017-01-30,1126.0910590510143,1131.2708344536486,1122.603936945323,1128.9772426267837,251343
2017-01-31,1140.7800186674726,1141.6749510415686,1131.1020084621055,1136.953805708297,303089
2017-02-01,1127.7920924373059,1136.6252818044002,1121.9038401977746,1124.4727882766567,105765
2017-02-02,1126.616827068043,1131.307664208366,1121.9775895750902,1125.9464298881103,212907
2017-02-03,1116.4931547287126,1124.194758819041,1105.4744913953257,1111.3688405599528,112825
2017-02-06,1126.021318754264,1131.7686994842059,1124.7091152110186,1128.7858228592133,246702
2017-02-07,1125.748354268427,1129.3094852663185,1113.956692393873,1124.9259781248054,279562
2017-02-08,1111.2963941454489,1114.2905286077942,1105.8676976921774,1111.820903612793,297937
2017-02-09,1125.9189714235397,1129.500374756584,1124.997746230327,1128.5992603230898,172871
2017-02-10,1121.0237522058019,1126.7479496445044,1115.2348259521193,1122.1548823422254,308747
2017-02-13,1136.1461572228998,1139.714079408164,1123.9413851634101,1134.7777306292587,218746
2017-02-14,1132.3228220273204,1134.6568973867622,1130.0142621431257,1130.9644977978762,229213
2017-02-15,1129.599823859452,1135.0387951029145,1126.082131875401,1127.4639878137882,166435
2017-02-16,1137.186366269755,1140.2708612023887,1132.797028550965,1139.524309065423,174888
2017-02-17,1125.5098058655858,1131.2043332713797,1121.6924563620346,1125.8861256013886,153675
2017-02-20,1125.4445508690173,1127.343509479533,1125.0611753127066,1125.867936183663,245285
2017-02-21,1124.456993037317,1134.0371267296573,1121.4388714359764,1126.7417824612635,132553
2017-02-22,1126.464467947525,1131.9879096877937,1124.729091641407,1126.541502818806,261798
2017-02-23,1112.4254995318693,1120.68573323245,1110.8445601981755,1119.7069096571724,236050
2017-02-24,1128.7030052120724,1138.5815316433511,1122.248515141129,1132.7470280573298,299757
2017-02-27,1129.5026786946853,1136.0364766672799,1129.4701092658863,1131.2580091955733,153203
2017-02-28,1122.6970767760718,1128.4613164946572,1117.9068058509274,1124.0262216372776,169628
2017-03-01,1116.7763999173942,1119.0402968041444,1112.9259797078294,1114.6390418465694,265692
2017-03-02,1138.092357505096,1144.4584227122875,1132.4322661099818,1140.065493191333,293677
2017-03-03,1147.8022175070898,1149.2905426852599,1138.3863371911038,1142.0254966848554,118870
2017-03-06,1135.2246717296223,1145.2345035740911,1127.527763276909,1140.3459548944495,110639
2017-03-07,1148.6699842896048,1155.2757127695966,1138.82604462616,1142.362009623688,299351
2017-03-08,1147.0875077355117,1156.5899468292544,1141.7399291606948,1150.4519966246362,109460
2017-03-09,1136.134079164577,1143.4365551782398,1128.738729146565,1140.144246328095,137853
2017-03-10,1147.9298981308818,1159.0692671606796,1147.3114934037894,1150.5888708535495,132575
2017-03-13,1135.7365382692901,1143.1507596397028,1131.7247878319895,1137.9425194653134,307448
2017-03-14,1131.772412382878,1136.3139969160088,1124.8675341452276,1132.8527180120045,226375
2017-03-15,1140.295127569988,1143.9778810659188,1139.221641382521,1141.9604113511944,276083
2017-03-16,1140.4817925614475,1143.455719000463,1129.6138965175805,1138.9877967111586,173265
2017-03-17,1147.8523573126802,1155.0572120474485,1134.9404740858986,1145.234470388825,259363
2017-03-20,1153.2448031178576,1164.1692701641352,1150.0082649684239,1157.026013023635,232043
2017-03-21,1152.2153919151729,1153.5473266068664,1144.233406602222,1148.0121002479882,294178
2017-03-22,1154.4584189954082,1156.6997724037049,1148.6505616078175,1153.6704385643397,103840
2017-03-23,1161.8372126725933,1164.7523888663002,1159.7053058975114,1161.9102219788033,220928
2017-03-24,1162.531518560058,1168.1064452192936,1157.0581820280781,1159.6415063542245,243849
2017-03-27,1145.598321116502,1152.0689599832756,1145.0654887853314,1145.9966483345986,296966
2017-03-28,1147.6017835996531,1151.066594409378,1136.825888046135,1142.7071516170454,272679
2017-03-29,1162.170940824924,1169.937414918578,1156.804935810103,1166.502714191024,204766
2017-03-30,1147.1921423978988,1153.320571245525,1138.5162384617684,1143.0798807349163,132994
2017-03-31,1136.2930304033323,1148.4815135593888,1134.090539221988,1137.9909221643668,139783
2017-04-03,1138.8559049976034,1142.8399789987725,1129.8959761327164,1136.4136878254117,116517
2017-04-04,1161.8426020183574,1163.9514729491864,1157.712410768538,1163.4834815934337,157282
2017-04-05,1150.6026738327942,1153.1865460211516,1141.2419384706984,1144.9288406686167,131688
2017-04-06,1157.0636928903998,1157.7383839796948,1151.0625755540802,1155.789061519304,185723
2017-04-07,1159.7815349309433,1161.862495006713,1149.98969153579,1157.2255540871504,148872
2017-04-10,1166.615297627847,1172.7943236156607,1165.9972532087093,1170.4220839041311,194100
2017-04-11,1143.9697466897394,1155.211907686998,1143.0669278104858,1149.151298749638,80362
2017-04-12,1162.667597788471,1163.2052904538507,1156.5368768606725,1161.881649820214,144921
2017-04-13,1168.7549022757178,1169.0839752502504,1161.9593467763707,1163.4940840597853,295841
2017-04-14,1172.1550520501653,1182.0930565140868,1169.0601188647568,1171.630577098951,293060
2017-04-17,1154.4813062645649,1165.6394092680682,1153.5714104821254,1159.658185134294,170671
2017-04-18,1170.5411651767088,1171.6352722365004,1156.9877049251384,1164.6202912201409,109341
2017-04-19,1161.1540696638071,1167.5503256853924,1158.410879810105,1162.9955037451625,175726
2017-04-20,1176.699094913725,1177.4523842151586,1168.1225696835406,1174.065180982027,166085
2017-04-21,1170.449550975628,1176.8481916063085,1169.776996875989,1173.3863968214941,191162
2017-04-24,1159.3637313483553,1162.029058654456,1152.9344094981313,1161.9018489653088,90285
2017-04-25,1168.5658706569766,1173.9859966859774,1161.3745213118652,1167.5967010795407,193349
2017-04-26,1140.59426010667,1154.5466252180847,1133.3085438552107,1149.7709277352633,235022
2017-04-27,1159.6043415189367,1165.4457886191447,1150.3829846028334,1163.1560805293973,182994
2017-04-28,1153.0921010441482,1155.4465845520212,1151.779626021962,1154.6283117997293,89843
2017-05-01,1158.6930835557862,1162.205214734085,1150.6768880795948,1160.2040237584115,88834
2017-05-02,1167.9062114487574,1179.707387105337,1166.0560730099453,1173.7549939469307,215963
2017-05-03,1186.8014267305077,1189.4822989422719,1182.8430267405936,1182.998614207406,232033
2017-05-04,1169.0851122323334,1173.229358975053,1167.677549209208,1169.9888813282416,121386
2017-05-05,1167.2381320964087,1175.427726397505,1163.4873078805595,1167.982583334164,258022
2017-05-08,1161.4538018098983,1172.443909481932,1155.6791186157702,1168.2669656323817,153684
2017-05-09,1176.6178184495616,1177.7583205714518,1171.9987632029442,1177.1254939926032,89114
2017-05-10,1173.4136338546143,1174.316447167011,1166.7401329219415,1171.3462748570485,235990
2017-05-11,1182.7449176093055,1183.207840337751,1175.4865386735153,1179.9447227693718,269400
2017-05-12,1187.5261865567936,1188.9127509074103,1184.8910607049513,1185.620927173154,141821
2017-05-15,1177.76766754683,1179.624765458463,1172.6627800137087,1178.2789586438498,162365
2017-05-16,1169.4556928283278,1176.7798349518387,1165.5888044016488,1170.521181677132,313691
2017-05-17,1181.2900334981375,1182.5992049377637,1177.8651638490392,1180.9238177730065,189720
2017-05-18,1172.0831154245016,1174.1096682593977,1162.2154418336304,1170.0149896084656,134523
2017-05-19,1160.8183365267985,1165.1579941472296,1157.4151642436473,1161.8821790199236,162802
2017-05-22,1185.3221756612652,1202.1965855509159,1184.097069487822,1186.3787002527888,311395
2017-05-23,1195.1096512496003,1206.6402380049783,1189.0650885267212,1194.019119563556,225193
2017-05-24,1186.8955685891124,1194.9315385627015,1182.2871153279768,1188.088753406004,146011
2017-05-25,1176.419118907853,1178.7893586873063,1175.7686302206357,1175.7966315843541,294452
2017-05-26,1153.1040189188795,1155.4404806032196,1151.3116124682772,1152.9312295280436,284529
2017-05-29,1170.1224272619584,1177.6635248066073,1166.6622079663855,1173.6507793143105,248846
2017-05-30,1190.4101684422149,1191.844757211036,1180.0879577581286,1185.387096776315,202845
2017-05-31,1178.2064091000377,1183.7775526856958,1174.0804608256599,1176.1444692256955,247875
2017-06-01,1189.0625798379172,1195.4893922954718,1184.8074891886279,1192.599340787339,103908
2017-06-02,1171.5183378995323,1176.5018335332834,1169.8323537484137,1175.1756533927198,167867
2017-06-05,1183.955022944828,1193.7322099386538,1180.6552218570516,1185.9925819176228,139270
2017-06-06,1183.2945247924254,1192.560471294698,1181.9513850460696,1185.7297507889864,184581
2017-06-07,1182.486356812836,1186.8945780074189,1181.521847547989,1186.2969724766265,158752
2017-06-08,1174.6166460395211,1175.260684034215,1168.8651178869773,1174.1849962645033,247317
2017-06-09,1182.3101581456287,1185.0495852214847,1177.0864036160215,1183.8022574538718,160555
2017-06-12,1182.8044091133875,1186.8658947748725,1176.544608587627,1186.5099238896178,317718
2017-06-13,1185.0208730288407,1185.7717242925833,1170.9618004788058,1179.9981354373015,293168
2017-06-14,1171.3672103351196,1175.7032517117636,1166.052783767854,1172.9387147197149,213174
2017-06-15,1181.9733936611754,1187.298133201426,1178.9742095531142,1181.2153662295448,113821
2017-06-16,1173.135902559379,1183.0272386591205,1170.7627394184012,1178.192511750807,206759
2017-06-19,1185.8497150324765,1191.4261162688592,1182.925612113781,1190.142943386025,94050
2017-06-20,1190.3709621772625,1196.5102786325356,1190.0556205233968,1194.353747098618,152315
2017-06-21,1191.5297604101306,1194.166327684893,1188.534482993467,1188.6320462405229,111684
2017-06-22,1191.024641913907,1194.7204774707548,1187.0439028942774,1188.8771136723153,85606
2017-06-23,1184.4029072803057,1196.924511378994,1182.6070948867057,1185.6367717821277,110377
2017-06-26,1188.0452092190358,1193.708374453248,1187.1914570066288,1189.5110745598693,202457
2017-06-27,1173.5468929189824,1178.9119079326874,1170.4797252144076,1172.8154396961943,90544
2017-06-28,1186.7569580199886,1190.2849947405668,1185.5997872281484,1190.2244995351618,199178
2017-06-29,1195.7430280007854,1197.169064485701,1192.8859615230976,1197.0279442562555,162833
2017-06-30,1189.0513370253882,1190.9222309613854,1179.4761934297524,1186.135418605783,120088
2017-07-03,1194.34073760919,1202.751312917483,1192.5079884517043,1197.9482545541211,80451
2017-07-04,1181.94290032617,1184.1060291440824,1179.5064255877876,1180.1013060466069,177268
2017-07-05,1192.4285617176713,1193.8609159081132,1188.0074825978531,1193.2169191533662,173780
2017-07-06,1193.9632903116747,1196.575019165361,1192.3605217589923,1193.7401858757162,267016
2017-07-07,1198.6035308512462,1201.8712421496173,1194.83307997416,1199.5681317967758,248649
2017-07-10,1200.9105104918253,1202.3943500654213,1195.7179968886564,1198.321024937839,208344
2017-07-11,1217.4159277908343,1224.1301400813463,1208.3577214810396,1214.7271127933525,280339
2017-07-12,1175.6876063397542,1179.0854943346833,1168.9018154290281,1174.2077568698187,153404
2017-07-13,1179.6935677313043,1190.456502612333,1175.1977118319342,1185.8541120943944,176382
2017-07-14,1191.1830903627804,1192.358865400214,1189.367843343251,1191.1815490742224,170682
2017-07-17,1200.3100945500032,1201.3223405683723,1184.7354285023673,1196.5581072444581,277972
2017-07-18,1189.0148761844628,1196.663883941266,1182.9437425959309,1193.025524579287,154134
2017-07-19,1187.821501893406,1202.7994819261294,1182.9765238196649,1193.6832438158,235799
2017-07-20,1185.4047062074123,1191.9347647863624,1184.0213677712113,1186.6183947969894,141545
2017-07-21,1189.69136169606,1197.0540275519475,1186.944166676647,1187.2877348449224,177010
2017-07-24,1187.1689711563772,1192.25606679956,1183.022375618799,1192.1054259317534,128895
2017-07-25,1212.641511031332,1219.634648611233,1206.9586772838163,1211.8890280549838,194483
2017-07-26,1191.3773562786362,1195.2708269361647,1187.518560040044,1192.8291074367014,285128
2017-07-27,1219.5751391006404,1224.7141187601615,1212.9737823676437,1220.1704527731927,125339
2017-07-28,1206.7431015107209,1206.7605813945427,1200.5974603015502,1205.7368276670218,103413
2017-07-31,1194.523933480349,1196.4830829937448,1191.4337493589503,1195.5982244906595,296602
2017-08-01,1202.8461025251413,1211.9620577122328,1202.0920067129694,1205.3211053708376,193706
2017-08-02,1207.6941418862673,1212.068599884075,1206.654399109211,1207.5397644654408,240826
2017-08-03,1194.9851681298999,1202.4083900732408,1183.528316901794,1189.9891888793852,238243
2017-08-04,1186.6126140967701,1187.1150882686168,1179.6491230305935,1184.935889144195,83945
2017-08-07,1212.3506853342958,1220.9394937595223,1209.3563121589677,1210.2994007915627,189603
2017-08-08,1186.3454865714878,1194.754147646423,1181.16891437425,1190.0392109954983,128482
2017-08-09,1202.9678643456923,1214.6402389172931,1199.9584597154187,1205.2382251341025,280255
2017-08-10,1199.6288277375513,1206.6513663865435,1193.6117709303098,1204.7762221606465,215639
2017-08-11,1188.3804302371575,1195.1817460574885,1180.076629313025,1185.540828821454,235923
2017-08-14,1206.5816813558738,1207.3356140376789,1201.6749644448817,1203.420686648563,206695
2017-08-15,1205.5545538531835,1206.1780347276388,1202.0141066791462,1204.4189906483418,150007
2017-08-16,1213.4892350900982,1214.0018926500427,1204.8822179215413,1211.0971388463963,300665
2017-08-17,1198.3442939825047,1203.064410793654,1187.3758223933448,1200.2274614412922,161649
2017-08-18,1199.3436178453899,1203.1887926834424,1195.2703927549667,1201.0377359123252,191239
2017-08-21,1204.7468588545198,1213.060174539246,1189.401260096661,1200.8330111520247,198672
2017-08-22,1195.3393315143849,1197.9585320437743,1191.9422715525418,1197.1311110957915,139965
2017-08-23,1217.3096906389467,1218.020155181494,1212.5856929915806,1214.0108724224576,95336
2017-08-24,1213.8490562635836,1217.3427937338765,1205.00492273107,1208.2792102912174,187940
2017-08-25,1208.0692644431692,1212.7579726496049,1203.6962471864324,1212.566564076307,218182
2017-08-28,1199.5119634293653,1205.0688104813578,1198.513459982838,1203.0063850891963,213506
2017-08-29,1216.7257218411746,1227.648700476742,1206.3368940248931,1210.9931317762312,206774
2017-08-30,1196.1849737965633,1201.005008678383,1189.4801682305183,1193.0253876391598,274328
2017-08-31,1201.2106091260375,1201.8168625345888,1185.72424975591,1196.028047654616,208503
2017-09-01,1214.1378417204164,1215.4282221731419,1205.4801614302876,1208.4383614960932,247835
2017-09-04,1197.9819770328204,1199.502596231483,1193.430522015876,1199.3504994380828,175609
2017-09-05,1203.452125949394,1209.6950625632542,1195.7920712466555,1196.603601719921,256831
2017-09-06,1206.6272523834714,1209.000624265089,1189.8023928410194,1201.9873362689018,290250
2017-09-07,1191.2100683582755,1196.3121453424442,1178.46182694407,1187.8727696793478,287410
2017-09-08,1203.0335912695311,1205.0743722177135,1201.2302076492738,1202.138881166392,175288
2017-09-11,1204.3016112752457,1218.4670417472912,1198.9770843452231,1205.8324955706537,242803
2017-09-12,1198.1843963304027,1203.4515801326015,1197.81216878885,1201.1638605928858,107887
2017-09-13,1187.8118387605384,1195.7933325806505,1185.8189199949095,1193.1494946617022,167188
2017-09-14,1214.6404195384675,1222.3334938614996,1210.1767126233399,1217.9394057416662,280083
2017-09-15,1205.3968778653564,1208.4219978877293,1199.3918485637425,1208.4204129191662,233015
2017-09-18,1197.296537511998,1198.8170052786643,1187.1254471900552,1196.8768852524402,217782
2017-09-19,1199.7832207569718,1214.3326461227846,1197.6939560722005,1202.539589290278,224115
2017-09-20,1188.4704391726,1195.3587348560131,1184.2249513768265,1194.9754784393267,104827
2017-09-21,1196.3536337563712,1200.4517031351086,1191.7739490397232,1196.0034034494201,268841
2017-09-22,1186.8707646405317,1194.9017812884242,1181.939561673964,1194.3891747828452,218851
2017-09-25,1200.994770082595,1204.773528725668,1197.2514396969466,1202.483650440884,157950
2017-09-26,1216.717413666024,1221.1982445065637,1210.7605492079626,1214.525732555012,203988
2017-09-27,1214.3134788017694,1221.2487947654106,1209.0877298882638,1220.149220662023,234368
2017-09-28,1209.8736266863914,1222.3014180814278,1206.7689820499509,1214.5182383457459,172428
2017-09-29,1224.7012034182835,1231.1948814787222,1217.662887068743,1225.1949015617347,170933
2017-10-02,1226.0165049959085,1228.0716014613647,1218.7967952875954,1221.456425168815,138532
2017-10-03,1205.7923762553378,1210.1164311536488,1198.3680092862842,1206.5370228923853,159515
2017-10-04,1207.303507249445,1213.5263233309472,1205.7546081498253,1209.2008817902909,131715
2017-10-05,1221.2120616373825,1225.3316044965402,1215.3510972259965,1220.5432413452766,254464
2017-10-06,1215.3201617935536,1222.3885047494239,1215.279891561905,1221.969661714988,214764
2017-10-09,1219.2863612837596,1229.999459180406,1216.3003907562818,1225.097281685601,170427
2017-10-10,1205.6665502084275,1208.2926047476071,1201.0268038038168,1203.5057824873081,195611
2017-10-11,1202.0997832319536,1206.4616270921185,1198.1998312258352,1199.5381002705842,182493
2017-10-12,1234.7984864896612,1243.289898184886,1231.7078965072255,1232.9176155485209,145576
2017-10-13,1213.646802018813,1215.9012097929715,1212.4511780825808,1213.4497312697795,190707
2017-10-16,1225.0629657239908,1231.8530748415992,1220.1487800522864,1223.7135658861928,314639
2017-10-17,1211.3824833218084,1218.690151714645,1211.205685631573,1218.0465213795633,169246
2017-10-18,1202.8264033435594,1215.5611118544637,1202.2935192279106,1207.0335795796243,154476
2017-10-19,1226.6617506164318,1233.183630658867,1219.2049374450892,1228.4009298785245,263995
2017-10-20,1223.0514476810047,1223.922766659352,1210.715807029321,1219.8198154121135,198173
2017-10-23,1226.4221054262355,1238.1339857830872,1223.2477548347192,1226.0023460621546,258964
2017-10-24,1220.2448902023334,1226.7419931864836,1220.1187519073737,1220.4110335632663,299547
2017-10-25,1202.848883271932,1210.1822226951256,1200.9814769782229,1207.1854763696906,250346
2017-10-26,1216.7450215160554,1218.4738865118911,1216.4919660881203,1216.5681312468578,309232
2017-10-27,1227.5460611684452,1237.4833837946205,1224.866206287722,1226.4212528375258,233212
2017-10-30,1214.359828319188,1228.2857774786091,1210.3655823654994,1212.5387412740374,110950
2017-10-31,1218.7298114422224,1226.8636676908104,1215.6801967653744,1219.4531963009636,183061
2017-11-01,1235.948776179596,1243.8475286039225,1228.1348730979162,1228.705597594623,141219
2017-11-02,1205.6558736052757,1210.3930958951194,1202.3004201362694,1210.0841979477382,80988
2017-11-03,1220.8759197800287,1224.797282198724,1216.3927796796816,1217.8334773005022,270399
2017-11-06,1215.8562473829602,1228.0275480738694,1207.8800341354631,1220.7399576546723,129780
2017-11-07,1223.7010896094969,1233.7954677550572,1219.4623729319785,1228.592389102483,288491
2017-11-08,1221.9642781539535,1231.0832783658013,1215.1882662645708,1219.5605306842647,137839
2017-11-09,1210.6860218473166,1213.2219229722025,1210.2322092301406,1212.3262958922812,209699
2017-11-10,1219.386086383171,1230.736482847632,1214.6626463600703,1222.3313823323524,168970
2017-11-13,1213.878437888291,1215.6975560999144,1200.5469881792365,1213.9051094491228,131039
2017-11-14,1234.3529571315955,1240.501869017477,1221.4087986420072,1225.16974779371,179448
2017-11-15,1222.3422968859625,1228.8627019811931,1218.8578629384983,1224.715163366746,161695
2017-11-16,1217.7841989514366,1225.4253178100728,1207.1979821658806,1219.1458853521506,190757
2017-11-17,1235.0345014049535,1240.1898893239324,1227.0546194112137,1230.6388339917492,158682
2017-11-20,1231.6979938857535,1236.100485039361,1229.2026025647617,1233.9009518867738,192382
2017-11-21,1222.688547527425,1229.5017348175636,1206.8361243412126,1214.1017305124399,134245
2017-11-22,1223.1348167984734,1228.2127743197734,1220.701505635625,1227.9572206573278,125377
2017-11-23,1220.8364331013042,1224.7201045827242,1219.9565061861747,1221.7282697702044,161148
2017-11-24,1226.3761482100542,1231.4450150267091,1222.5363243201332,1222.8934386927908,122675
2017-11-27,1225.2059314205846,1230.9570116986833,1224.2797185602944,1226.1496529240947,259200
2017-11-28,1232.8223972158914,1236.8494201820251,1228.750141895864,1234.751889868323,106741
2017-11-29,1218.729214774857,1235.5763997276658,1218.200535638025,1223.9996277853509,129364
2017-11-30,1224.361130950285,1231.397843180571,1221.6314578214394,1224.95279316815,126577
2017-12-01,1220.2799160066402,1226.2152415337168,1213.6648644735867,1217.2519049606321,306567
2017-12-04,1226.2876953862053,1228.7158575171318,1219.1558767593503,1227.3735949876461,157476
2017-12-05,1225.9045526416073,1230.4421965282984,1218.5094699987462,1229.667145267342,160678
2017-12-06,1227.7171377110224,1229.9603812234614,1218.3591749901345,1222.947949285889,229867
2017-12-07,1230.7611208422961,1236.0446218291568,1226.6948931615075,1227.7515449094137,108801
2017-12-08,1237.4887621187024,1245.6379272420218,1235.0250662224996,1235.4617795261838,182574
2017-12-11,1244.4012463805348,1249.8182313502818,1241.0800045019785,1245.3435300170572,261981
2017-12-12,1229.2260540014906,1243.7369637285544,1228.6547025022999,1232.5129555331919,193087
2017-12-13,1254.4827056157076,1260.3667085384905,1247.4666063003797,1250.3283335072636,206246
2017-12-14,1241.5496532825505,1244.5034953181373,1236.066637917151,1241.43944774045,299699
2017-12-15,1239.7560389064529,1241.4825325107552,1237.0937017938495,1241.2886104043193,80987
2017-12-18,1238.6006188981555,1243.628371376919,1228.1067409214672,1239.4138534213673,89982
2017-12-19,1237.293052996701,1241.7673351915307,1231.6500100221767,1236.0024541344214,144861
2017-12-20,1233.8107397461913,1238.2087602664021,1224.1713483767928,1230.841735064551,176139
2017-12-21,1233.9992961574906,1239.4087845452232,1232.4144463328062,1234.224829680166,269131
2017-12-22,1235.2770703179604,1237.00274037307,1232.4144686208567,1236.8356735136783,216634
2017-12-25,1234.2374958004339,1240.6187226078196,1230.3865695910597,1238.5758692926515,132162
2017-12-26,1248.990439370583,1251.7906928948805,1247.8441260707768,1250.1857419445687,133596
2017-12-27,1253.863647911197,1259.966889075571,1252.7937979327046,1254.8171884255162,238680
2017-12-28,1245.8945920511333,1246.9328198616977,1238.7747350377938,1244.866726049749,313013
2017-12-29,1249.0478790517877,1254.0860152782905,1239.724957971065,1249.2924929213486,298816
2018-01-01,1233.2611080776485,1237.408100667561,1224.4281876263412,1235.4031392436611,227961
2018-01-02,1226.484132965479,1228.257886759093,1224.8381675158553,1227.0681389414597,106382
2018-01-03,1244.4247057579637,1247.3688881337687,1232.2682874889288,1242.283388951669,236995
2018-01-04,1244.3086888676862,1247.889422137105,1243.9899504902803,1244.8451537243832,84889
2018-01-05,1252.0384925129695,1258.0348822441479,1251.5015139789339,1252.8626201202057,255747
2018-01-08,1260.54498264608,1262.531002731763,1255.5473803601676,1261.6544880205847,274058
2018-01-09,1242.4038292177197,1249.9731375732224,1238.0062325859583,1243.8118047604123,198472
2018-01-10,1253.254101930757,1253.6669070866096,1251.2676819138526,1252.15222305785,193245
2018-01-11,1253.9193171230013,1256.0917945732472,1250.139393807119,1251.7926233888295,295855
2018-01-12,1244.0589137645356,1253.6780368284535,1242.4815416624047,1245.305382337648,294464
2018-01-15,1251.1889945887358,1255.1391262501722,1248.6186194631837,1252.0666713018663,237757
2018-01-16,1250.8075991158867,1252.9661335151852,1245.8368688346168,1249.5273444989841,158899
2018-01-17,1261.6968819044168,1266.9958617171574,1258.1859337954315,1259.0379997123812,230202
2018-01-18,1243.3134453199414,1243.7920070969226,1233.3145896301905,1238.4127952139686,110512
2018-01-19,1223.3214265229344,1235.1404783397902,1218.7599034503037,1228.3479249420272,270232
2018-01-22,1252.3725031647139,1252.5599557427204,1244.1569166041752,1249.3788589438022,195363
2018-01-23,1254.416819427406,1259.998520447682,1249.9994047633277,1256.3793558745517,303008
2018-01-24,1259.7096104350414,1266.1499992946403,1253.1263094434842,1257.541332463496,203349
2018-01-25,1249.4817537954689,1255.717215972741,1245.5763638794417,1246.2444207575804,231572
2018-01-26,1262.6091664827684,1266.9950187199563,1254.0234839568134,1255.895884482747,231429
2018-01-29,1244.3764914026244,1247.466915412999,1237.9805123048745,1246.3869617718155,276858
2018-01-30,1259.5563807298636,1261.6035800021486,1249.5125987535746,1255.902356322797,108677
2018-01-31,1236.5367610736062,1249.132386196046,1236.0007837074934,1245.6385081697883,262511
2018-02-01,1243.9899400750764,1246.657900397353,1231.9081410856843,1243.9310156002207,290582
2018-02-02,1252.3767245499587,1260.790817839814,1248.120822719621,1260.7540651530135,170218
2018-02-05,1240.520822227253,1244.1413682904013,1239.9175274597922,1243.3070957388898,281161
2018-02-06,1236.8934150708212,1246.4899859065376,1232.3702284987878,1241.1800727810964,161692
2018-02-07,1254.0802647887353,1262.4340422146856,1249.5685265509735,1259.6646744498619,270412
2018-02-08,1254.8084014449373,1264.5185181223153,1254.2809797477846,1255.0471873265979,80853
2018-02-09,1232.0171534416781,1238.8373676065619,1228.3728544896612,1236.205404274677,312907
2018-02-12,1260.1339491812903,1266.079117786861,1249.3796000751197,1264.6370734279799,250345
2018-02-13,1242.3008523143126,1252.9286622518605,1241.8493794863573,1245.416455064409,182988
2018-02-14,1250.5270973313645,1260.1997100828087,1250.4467571630012,1252.654979446731,178797
2018-02-15,1258.023004288339,1266.0772142442004,1254.9545601297873,1256.296602589962,192594
2018-02-16,1271.1683728161383,1275.448286151486,1270.2970404329503,1273.042751648483,301084
2018-02-19,1254.6267768626215,1260.528031810774,1252.1697420636824,1258.285867393674,294169
2018-02-20,1260.688155904025,1269.8667488695082,1257.9813845455878,1267.2959538734412,136300
2018-02-21,1262.5149135138915,1268.8684458632886,1256.482348479712,1260.5575408315538,83866
2018-02-22,1267.1067980906553,1274.0217751422038,1265.5636349867975,1266.2377108555922,196806
2018-02-23,1253.3740329748603,1259.5876354688855,1250.8780479727984,1251.2833258004184,138370
2018-02-26,1259.089274777539,1271.8847751267251,1254.2935587203665,1261.802530541327,156550
2018-02-27,1262.7217884008196,1262.8676178586638,1252.4113488867138,1258.4357791622015,89432
2018-02-28,1255.139147460324,1262.097725014286,1253.037385338248,1253.2831861113034,186645
2018-03-01,1272.2467012718791,1272.9304891577508,1260.8537360822297,1263.9354572019574,200151
2018-03-02,1268.5218760374714,1277.0011803128468,1263.861718054479,1270.0941881640865,91282
2018-03-05,1270.1956572095667,1271.2293054053494,1265.8693707593784,1267.248001585591,269093
2018-03-06,1267.4211319642195,1270.763427220697,1258.2684883487163,1261.5490356331625,236529
2018-03-07,1268.3516288227984,1275.4800225004449,1264.1470603212692,1269.4195253680607,217235
2018-03-08,1253.3227041341615,1258.1753331512348,1244.2073427308192,1253.5985793028817,149350
2018-03-09,1262.7138065033744,1265.0788466501147,1257.489940399701,1264.7674103546078,100960
2018-03-12,1265.940262928215,1274.3143427350476,1256.84579340077,1267.146945946306,220912
2018-03-13,1265.8139101397078,1271.4916353364185,1257.6100609454452,1262.984003904483,254554
2018-03-14,1262.63517090642,1268.0126960685295,1257.5369339779063,1262.0497658333252,160289
2018-03-15,1260.743127672414,1266.7680533419557,1260.2491417901858,1264.8581639065217,129235
2018-03-16,1268.781387208601,1270.0683200192545,1255.0211684702938,1259.7405171215364,290423
2018-03-19,1261.4936511990734,1265.0047942753072,1255.564325901626,1264.3303338631222,108445
2018-03-20,1275.5007995761298,1276.57576111977,1269.879774283861,1271.2848475058365,304880
2018-03-21,1250.7646028708807,1253.5824076222466,1247.6791954607727,1250.7122557180153,266109
2018-03-22,1281.0672928069023,1288.5185831556373,1275.8330545379333,1278.6234480706537,191629
2018-03-23,1275.64237656838,1283.0342111401103,1271.895644731623,1273.5940173027352,292032
2018-03-26,1274.6563763955537,1275.2927462883315,1270.4629090127582,1271.7384782346678,288018
2018-03-27,1266.281063871772,1266.8034098744704,1259.7882789315804,1263.4007987206483,279509
2018-03-28,1274.2518756573193,1279.1218438006836,1265.5781924237394,1267.8768566981205,268366
2018-03-29,1264.3933331772391,1275.6748054709512,1257.2860389555144,1267.0411996017947,129949
2018-03-30,1274.6453198291995,1284.6971036847228,1273.6560015051014,1279.71869798957,141145
2018-04-02,1275.8114024567572,1285.2470281594842,1274.4353431556308,1282.2281753169113,146815
2018-04-03,1277.0951228088172,1286.1310239716274,1274.777470060342,1284.9777764649198,116688
2018-04-04,1279.491863561845,1287.4714660368406,1273.0252987142499,1277.700887952446,214056
2018-04-05,1257.369370673746,1267.3665595077284,1252.621073402886,1264.0329780899997,192326
2018-04-06,1266.245979462072,1274.0642299769045,1258.5626357671886,1272.43858973442,252429
2018-04-09,1278.9081659415701,1279.1053949274087,1275.5207577325807,1278.1236910685961,251607
2018-04-10,1284.8825423978137,1287.3748743528663,1283.1594438138318,1286.1181280953651,123205
2018-04-11,1271.7270872830043,1272.360003011263,1271.372457594908,1271.5276771604995,284266
2018-04-12,1272.6811501324971,1293.1300972498523,1271.577996280662,1283.0599137065649,183703
2018-04-13,1280.6692178805629,1291.069685082382,1279.8336547303327,1285.7232613044334,221728
2018-04-16,1272.7350476929357,1280.8789673043432,1270.2417782027117,1278.7561674331916,96871
2018-04-17,1282.7439917139566,1283.9017920502943,1272.8781001049938,1283.0390414936926,125822
2018-04-18,1302.7218054882735,1310.2597719518678,1300.655445309941,1303.092349360249,272829
2018-04-19,1287.8333525097767,1300.0452115796743,1283.2540178882853,1286.5257804617183,177675
2018-04-20,1310.1067327184974,1313.375106843414,1304.2854019089314,1305.5800570406718,279658
2018-04-23,1306.2610928857084,1316.257307371714,1292.8424170110893,1293.167437390134,272125
2018-04-24,1283.5710624529688,1288.7586928550002,1279.5199398286682,1285.7890532451383,239221
2018-04-25,1299.4911700278694,1301.0511638259143,1294.5249783617805,1297.0062565924097,112069
2018-04-26,1293.472233611904,1298.3780634644756,1283.575000768748,1290.2011599434964,82814
2018-04-27,1294.1654584513578,1301.700404351459,1293.7420595655735,1294.7870361505977,131374
2018-04-30,1272.3593387730587,1282.963365058462,1270.9233953566,1276.33371992002,108548
2018-05-01,1299.3334983002544,1303.6859852290106,1289.8889343122187,1296.1970638803743,178831
2018-05-02,1290.166584513062,1291.0986817226462,1284.3108064687524,1286.9362781038412,91062
2018-05-03,1303.8991903941464,1305.2244731388557,1299.3748375359755,1301.9348196266628,199128
2018-05-04,1291.4389392322983,1301.1324013690119,1289.5633195665473,1294.4084848277732,94900
2018-05-07,1281.6293825163448,1291.1407844054315,1276.1494195802602,1290.3593506570335,197414
2018-05-08,1280.6263840317931,1296.3277687286272,1280.5075631405202,1284.7844509915476,162680
2018-05-09,1297.681172803313,1298.3855974448045,1290.2070479238596,1293.230742891508,233439
2018-05-10,1293.9740458224321,1299.7066171884474,1287.1521642308994,1289.5852688364803,98407
2018-05-11,1282.5634693944623,1292.6832710645178,1280.364098244418,1286.629054223543,275710
2018-05-14,1308.504012735692,1309.4974496153495,1298.6418009862477,1307.7017911921962,251890
2018-05-15,1298.8088018357564,1300.5639831490523,1291.951375841612,1293.9725744569917,316280
2018-05-16,1308.228536118317,1313.5519567085034,1302.5309403653002,1303.2443909221624,234839
2018-05-17,1303.6908329217267,1308.511705769095,1296.638953619194,1307.4622918488753,192410
2018-05-18,1298.0477880221283,1304.1921200753263,1297.5849982391546,1298.9217117140788,294133
2018-05-21,1302.342715362386,1310.3515554239598,1290.5366476129673,1302.760793368665,295842
2018-05-22,1298.5215298411374,1306.404288525942,1287.0783287235804,1302.963548323954,135321
2018-05-23,1314.174438257662,1314.5022523906907,1306.9050583112503,1307.5487721038803,129385
2018-05-24,1298.9556292138905,1309.6390163389508,1295.1600039159957,1305.9826815612303,145034
2018-05-25,1309.37085817579,1312.9712786354362,1302.8274556413173,1307.9261719008998,230898
2018-05-28,1308.055514157522,1312.527493431431,1301.2291797618643,1304.2123845614692,202033
2018-05-29,1300.6294951218879,1307.4677318111646,1294.9030139854062,1299.00829220349,243941
2018-05-30,1300.701864608692,1308.1589913808266,1291.523897768085,1297.950453178804,150584
2018-05-31,1288.7227550344796,1304.1348248084098,1283.6623128238728,1297.5465395878969,116608
2018-06-01,1304.4035713063902,1308.7302477710855,1302.4938346253737,1304.317945734785,179067
2018-06-04,1314.0624805876885,1319.9013898311518,1309.9156912238157,1313.0022207645713,170516
2018-06-05,1295.827299369252,1303.7927377197109,1288.8962188650746,1294.8335447016013,149859
2018-06-06,1293.7233422112201,1305.8677783049563,1286.4351443222727,1298.9403953983542,170372
2018-06-07,1295.421973143137,1296.446721871595,1290.7661077373964,1296.4425464702629,258727
2018-06-08,1300.4858104816644,1310.2324789922213,1298.4424142020964,1303.7837285957273,146398
2018-06-11,1319.8582732803645,1329.3677276321844,1313.874576473659,1314.4793109671095,274998
2018-06-12,1300.445173463132,1304.7642181147871,1293.285352561587,1303.0879876662193,195643
2018-06-13,1306.6559030443864,1309.171196452096,1302.3486202991849,1307.2613370985973,262069
2018-06-14,1289.4168517576948,1292.131881335827,1288.5201996691567,1290.188424782609,292699
2018-06-15,1306.7035528930567,1309.9411530194632,1300.2770434282022,1307.6012688967107,201383
2018-06-18,1319.168718189891,1323.4724779944936,1312.2223170348454,1312.5978853197253,314366
2018-06-19,1309.2309609330384,1314.4692488395092,1300.6583804606576,1303.6368032318305,269673
2018-06-20,1297.4519647798568,1299.7394891483248,1283.1071762418715,1296.0510745840988,319012
2018-06-21,1312.8060060190273,1321.960356876587,1310.1559087778576,1314.1845936054792,147784
2018-06-22,1309.4160841009025,1316.421998538886,1305.4972344053344,1311.2105016972782,232042
2018-06-25,1320.2682388617984,1331.156506908598,1309.1428082908415,1327.707995037851,163001
2018-06-26,1309.3093621934242,1316.515210007842,1307.5268136355967,1309.0741577840058,109066
2018-06-27,1312.4406199854554,1318.4286452775536,1303.4097845161905,1311.2669285829152,228867
2018-06-28,1309.7249454711434,1312.8671367267925,1305.479980404081,1310.4545664676004,317870
2018-06-29,1313.0304754273907,1318.629372260089,1310.6454359114027,1316.7289088194725,278230
2018-07-02,1308.008272848433,1308.2777705264111,1302.5056743738887,1303.433075376597,157615
2018-07-03,1332.0392572850503,1335.7967893026316,1323.7790815556837,1329.0180110144502,131072
2018-07-04,1325.5085321939584,1329.008404967292,1315.535948742406,1324.9072344764304,224080
2018-07-05,1324.40847437151,1329.56024781273,1317.7772106199845,1318.226088503998,292779
2018-07-06,1318.7296760602694,1324.723708082734,1312.9628296839446,1317.752195065045,193774
2018-07-09,1331.0479194458983,1337.1997077044111,1321.2809439867576,1323.8571981748348,123816
2018-07-10,1322.1237365706693,1326.4212510569043,1316.670201270105,1322.8561497476433,188100
2018-07-11,1318.0888991195307,1325.3381535266406,1315.6644059116002,1317.491373537018,304075
2018-07-12,1317.5628462130708,1322.1492651560288,1308.7811517342043,1319.917310662925,185446
2018-07-13,1329.1111367815279,1338.5169525252663,1320.5213911937387,1325.5135161809487,289887
2018-07-16,1320.4169113000012,1330.807644934183,1317.3409881983584,1322.3230305185166,165245
2018-07-17,1326.9094210935978,1329.420461874784,1322.0797581617167,1325.300178911976,268732
2018-07-18,1325.333666651265,1331.4518590471507,1324.6264350803356,1324.8074842514043,124263
2018-07-19,1322.1323667561653,1330.7997432488535,1320.921520326295,1325.0772033267656,296994
2018-07-20,1326.2137926689743,1327.7593073962867,1308.6264920528554,1317.5169386668858,141819
2018-07-23,1324.110323411585,1333.699066773689,1316.0964350846302,1319.7805112920823,277937
2018-07-24,1329.9071715322377,1333.6219730974187,1325.321488348687,1330.8235792030246,261923
2018-07-25,1338.684156612161,1340.5811811258397,1328.4963026477694,1335.2763523079407,86919
2018-07-26,1330.9012870316667,1345.7296161572933,1314.15681844798,1329.488253553675,151727
2018-07-27,1300.8300057239373,1307.1034729248236,1300.4336762598969,1302.48597099635,231153
2018-07-30,1327.1395086302211,1334.4511046221799,1316.0778625417545,1319.8810716673877,122690
2018-07-31,1338.6624804131222,1345.2508398254947,1332.7946740372038,1335.2946399966952,92173
2018-08-01,1347.6309615466066,1360.845586247438,1336.3012418173155,1345.1248443473528,277208
2018-08-02,1346.1960054579474,1349.2896246295713,1343.9148218024116,1344.0483206506372,134978
2018-08-03,1337.5102676714198,1339.9956610132904,1331.6190065784997,1334.7659329034532,102282
2018-08-06,1336.2710411233577,1338.3383107798957,1331.6633862678789,1333.1580539169995,233567
2018-08-07,1333.16879426241,1336.94580703283,1326.498941842855,1332.0908093380685,149744
2018-08-08,1350.0297408258496,1351.947286272085,1342.5452221718692,1349.1367844502586,231186
2018-08-09,1338.5473919091464,1353.621329508488,1330.4510333403907,1337.9444979952934,244158
2018-08-10,1325.1012873691122,1336.4268428112923,1317.895802209045,1330.9749858742532,101503
2018-08-13,1346.9991484717596,1351.536272011789,1340.45005313756,1347.6029989747597,169984
2018-08-14,1353.6122510224463,1354.2105358963124,1341.54393329263,1348.5691955431491,172842
2018-08-15,1334.2271104463216,1335.9470903947908,1323.209858338517,1328.0152329888906,165003
2018-08-16,1341.872051067933,1351.5893984670647,1334.1332575796105,1340.938205849399,81336
2018-08-17,1352.3026155618704,1357.6693252168159,1350.5585446760772,1355.3909202192021,163379
2018-08-20,1360.0207422993576,1360.395195461143,1351.9746591651985,1355.7993489369944,127820
2018-08-21,1336.2171046317314,1343.7937223047356,1333.53396157286,1339.3027897429322,98037
2018-08-22,1343.6398983130953,1349.8154032907432,1338.470714921017,1347.6448302769484,195262
2018-08-23,1349.5366477667123,1355.5626008312622,1345.5761249465256,1355.065086850486,102886
2018-08-24,1345.5202952865498,1354.8079552367185,1345.3712721982936,1353.6503942079182,234755
2018-08-27,1350.2807920145026,1350.575569180447,1336.5142292597127,1342.6378951203035,125462
2018-08-28,1349.6299195317758,1349.9148072995952,1347.4481158656608,1349.3599837611546,193379
2018-08-29,1346.4559306913352,1359.6691053441782,1332.50690857839,1357.9089272276742,280124
2018-08-30,1354.0582232520428,1357.4468873933233,1350.6122065766829,1357.283446923232,297579
2018-08-31,1339.105432289687,1353.2473480414374,1332.019231001719,1345.8761588164157,100324
2018-09-03,1378.0368796347286,1384.4503714342366,1369.3736395839585,1374.4649175937836,264959
2018-09-04,1356.5123444602268,1361.742527514955,1350.2133405194136,1359.1194578006496,296408
2018-09-05,1344.061188753229,1351.5695073538518,1342.7584599148054,1347.0724771041844,170695
2018-09-06,1358.8564127629218,1358.859660854018,1352.660046972331,1356.27627388892,125916
2018-09-07,1344.9221501730694,1345.2317472685736,1331.635267399683,1338.4997126990509,267582
2018-09-10,1352.6577705234893,1362.4871493996768,1344.635030048177,1355.7901880046911,136425
2018-09-11,1362.1852056818577,1364.212690540161,1357.8293228206894,1362.4415978942188,206702
2018-09-12,1379.6989401582828,1387.6237687693542,1369.4312728915822,1383.7779865477075,163195
2018-09-13,1372.0337503694072,1375.534350778995,1366.7221538044182,1368.318006516947,235846
2018-09-14,1371.4717940446963,1373.0707539182285,1365.1617593281333,1370.5329641209387,234638
2018-09-17,1375.5269821301297,1377.2320989503312,1371.489350939159,1375.085274136235,190771
2018-09-18,1366.6231769923788,1375.0894385797828,1362.159079831393,1370.0219364226948,198262
2018-09-19,1371.0231975110953,1379.5693233207232,1360.894038238058,1365.0645160071779,316831
2018-09-20,1380.6233729320786,1387.3130692861669,1377.0356093306773,1381.9261621201522,120431
2018-09-21,1380.2350845653193,1386.5107500699262,1371.1324813967872,1375.4971463349664,102430
2018-09-24,1388.2466666502196,1391.49019365977,1374.3662971728343,1383.2775319222594,120494
2018-09-25,1374.9905806046604,1384.1597001694545,1373.2057302018693,1379.7882446202518,106009
2018-09-26,1362.611314727972,1365.0163981781593,1354.8123403393013,1363.494424577111,154690
2018-09-27,1369.2690559171542,1370.8095283016971,1366.0222624695703,1368.3167500273719,202294
2018-09-28,1365.2446835909288,1378.7472442558192,1364.2372059137917,1369.731531881656,287504
2018-10-01,1368.8908687773912,1378.8234073144615,1367.5579343370296,1369.3734081468333,107457
2018-10-02,1377.8631840518312,1379.832200244878,1369.005588472198,1376.6349666508531,158558
2018-10-03,1366.8071850064894,1377.9049265398723,1358.4879623739491,1373.6350867573472,148598
2018-10-04,1369.3888404479358,1373.3663459256827,1359.946524388803,1370.7017702599424,139587
2018-10-05,1391.5703072131055,1395.4728914911302,1387.933411185878,1390.3277225644536,281504
2018-10-08,1387.950780171217,1390.9447030801916,1381.781359876101,1389.9535193971287,112465
2018-10-09,1377.277309107703,1382.005675128609,1375.859499165168,1379.7796361118717,132220
2018-10-10,1365.5172030130323,1372.2808471826118,1362.9958904814896,1371.3376243120686,107049
2018-10-11,1376.1071910392218,1377.5216874316052,1367.1104604669072,1376.134387629092,142322
2018-10-12,1379.2840899053106,1385.979400053777,1372.93419222031,1378.5377805352616,298893
2018-10-15,1379.2518542829127,1381.153971026928,1379.019499892943,1379.776199406933,113780
2018-10-16,1387.195829271047,1389.6624651303757,1376.2424648136905,1381.6806362414916,179704
2018-10-17,1393.3883781794239,1396.0805058292995,1392.1433843762734,1393.446802826873,146704
2018-10-18,1390.780365002732,1395.6285242348984,1388.2063593340542,1392.6099150528494,163197
2018-10-19,1401.181498722067,1402.674603614401,1386.8671595037968,1394.0443387620692,114156
2018-10-22,1386.27468415617,1393.594472845794,1382.3706682780864,1383.4697150915285,238998
2018-10-23,1399.7575652949981,1408.2805116770046,1394.6358598333034,1395.24980539046,163283
2018-10-24,1416.558817860796,1418.1897259147152,1404.0521999624873,1411.1835357678972,224280
2018-10-25,1395.06031090587,1398.52504940669,1390.40761527742,1397.2592838833061,162867
2018-10-26,1388.960413237488,1395.2914807905638,1385.4214007030355,1393.0249578170494,112885
2018-10-29,1425.7506259422973,1427.0121562442398,1417.2755279814128,1418.799829245502,293153
2018-10-30,1391.9183092512721,1403.2948666323448,1390.7888448837382,1399.903073593347,109128
2018-10-31,1390.1963770584096,1396.8513221937478,1388.3391807922892,1392.4251390642967,203315
2018-11-01,1410.71686578702,1413.9709890814906,1394.8644137479118,1404.067768015803,273481
2018-11-02,1390.488120075202,1398.9610590089596,1390.2256661837196,1393.2691294335589,127748
2018-11-05,1398.6419222220075,1398.9149914628367,1388.2999297365736,1395.5529729209443,184103
2018-11-06,1404.895695575149,1408.5179949146163,1404.8278818421888,1408.283410198241,177230
2018-11-07,1406.2323874922995,1409.8963262971995,1394.2004716916467,1396.357877131756,150502
2018-11-08,1390.709595670705,1398.3017680677112,1390.6113054976554,1391.0409341411766,153134
2018-11-09,1414.1064394235439,1419.4415412140984,1407.2710203016743,1410.6839167736277,274911
2018-11-12,1405.9322849145724,1416.0298065142972,1398.230216123198,1411.5382807784529,270024
2018-11-13,1396.9047671761723,1402.5567593238036,1385.0172200636782,1393.839039699466,167250
2018-11-14,1405.942619550581,1407.732814907111,1401.3741998071105,1403.049278218043,191951
2018-11-15,1411.776082685728,1414.3785179028475,1401.0351940100902,1413.6987088931282,304285
2018-11-16,1409.7970265812608,1414.1684115380256,1403.0843684377514,1406.9115321409708,280925
2018-11-19,1411.1191193983525,1418.579035867165,1405.5552551926962,1411.9937063072157,259894
2018-11-20,1407.0387017241671,1410.778731239226,1404.2243714859085,1405.3518378866863,112822
2018-11-21,1398.3833982212295,1409.5808717080174,1392.841098783616,1400.4831089191514,157454
2018-11-22,1399.3471727686726,1405.5955556528481,1396.5834028339027,1401.2347981334217,287825
2018-11-23,1399.3955914724065,1406.5008710078387,1398.2314296173731,1404.5415235625758,195980
2018-11-26,1412.481802337741,1423.4379372304202,1408.8284014043143,1410.6067483669922,137414
2018-11-27,1385.5517776702206,1386.528833059701,1384.315806731296,1386.3960256332866,262639
2018-11-28,1391.8165576244937,1397.3907304438796,1385.6445389744752,1394.7116789650886,116292
2018-11-29,1418.4202681086176,1424.4007689171265,1411.2491863084322,1411.463524597704,143654
2018-11-30,1416.1111264627941,1418.7169753067558,1412.0502059018263,1415.9968446594976,223445
2018-12-03,1403.8956590428386,1410.3424905637369,1400.870377223879,1404.462514946377,307865
2018-12-04,1407.8018840814193,1413.2620027070943,1406.9891360147046,1410.8255006157342,207398
2018-12-05,1406.4059727589604,1416.1669834475647,1398.3677186300756,1402.4766397485505,210605
2018-12-06,1401.5819753801668,1403.173350039073,1399.438993637257,1400.9027639987482,225865
2018-12-07,1411.1523803040736,1416.0448446112148,1408.3595700826595,1414.6138973480258,273296
2018-12-10,1412.0139373564687,1416.256341431623,1403.6682584922942,1413.0256815741252,95675
2018-12-11,1412.8829579962953,1415.1035022488963,1404.7599179566137,1410.4004961390585,135032
2018-12-12,1405.8793879514924,1407.5734694933808,1403.1681663082713,1405.40155766,121752
2018-12-13,1422.8106345944832,1424.460735463602,1414.5739855180886,1417.837213284197,81371
2018-12-14,1423.913684313378,1428.5377501383327,1406.4473034911432,1419.5248290713018,318727
2018-12-17,1430.036893864549,1436.046461965385,1409.2385916120525,1420.6837973149393,115896
2018-12-18,1419.9120943183705,1426.5618697332566,1417.4499705932037,1422.6445483904295,132364
2018-12-19,1420.913025621847,1429.9365684461093,1420.0100171299925,1421.0541108798056,135399
2018-12-20,1430.4727072217477,1432.1629439599592,1424.0221091274107,1431.4612782062147,297622
2018-12-21,1430.8840836117297,1435.704840307452,1427.6850289682511,1431.8638043099404,235513
2018-12-24,1444.1589370707095,1445.7559803922436,1441.1290345815983,1443.807029461834,245826
2018-12-25,1438.7231815043478,1443.6166433679675,1432.6441348501864,1440.1771632725752,241341
2018-12-26,1434.2847909144073,1440.72592622067,1426.2931848374308,1430.3924570514591,185975
2018-12-27,1415.6908335106368,1424.6306494213995,1404.932352597508,1420.8501507958315,246634
2018-12-28,1435.7095468740551,1441.8969781579349,1431.2188606995387,1435.4174797130777,221364
2018-12-31,1427.5616035257237,1439.5519127648772,1423.8349678564584,1424.8321646907434,231287
2019-01-01,1445.7560264400659,1457.5743978117055,1439.7798512254474,1441.3818066287874,305654
2019-01-02,1418.6419472746077,1427.4157724294619,1415.0698415680936,1418.6324677057498,209016
2019-01-03,1427.0920231206298,1429.8866120960324,1414.6802400813744,1425.6929788829789,205946
2019-01-04,1440.899439821393,1441.0251351023974,1435.3150545616922,1440.575405941741,288503
2019-01-07,1431.3511804997363,1432.4068799519114,1419.7026844362315,1429.1637667597395,200059
2019-01-08,1433.2302414367057,1436.26114063524,1426.929280405122,1433.8908795083373,95313
2019-01-09,1435.654747484907,1437.5416488452204,1425.0943207876055,1432.5105840371393,215773
2019-01-10,1429.0047516030822,1431.4654624773361,1417.679977493363,1423.2002091788054,243054
2019-01-11,1441.4766564861652,1445.2783801492678,1425.0071918412327,1432.490650339583,160123
2019-01-14,1419.221685177508,1434.3649611444455,1416.4343866366344,1420.5395568925833,286390
2019-01-15,1427.9001598776442,1428.1128541879668,1417.7026545197564,1424.2218004998995,261649
2019-01-16,1446.0742059009929,1449.5585250094225,1443.8993193120587,1444.787260112196,242618
2019-01-17,1430.5158822508129,1436.3238759970384,1428.5025535821653,1428.597924022859,108851
2019-01-18,1430.3134401614288,1432.1129923523456,1423.5942726711103,1432.0908481256329,229446
2019-01-21,1422.183128958855,1423.210981087856,1419.8603675107718,1421.559958967741,309716
2019-01-22,1442.913365942774,1443.6052093056924,1435.2661861158056,1440.3736142832101,180259
2019-01-23,1422.3141870546617,1424.1410000000724,1418.635566607789,1422.0676324167248,157719
2019-01-24,1422.1018853506284,1425.978661498477,1415.448974757571,1423.6700044526158,313700
2019-01-25,1430.4230093809133,1432.9085898091325,1416.6393430577293,1425.091774506084,180750
2019-01-28,1424.5758033191107,1428.630572949873,1418.924049739615,1423.8974648186545,108246
2019-01-29,1421.2154258348714,1424.3064398568101,1420.530356846886,1422.0406717458982,243086
2019-01-30,1430.356317339719,1440.7681139311362,1429.2234210982988,1430.1266601379007,266749
2019-01-31,1427.9926276964504,1428.9550112250354,1423.174655043109,1428.7623060909084,298777
2019-02-01,1429.950450505395,1437.223889542715,1422.6848438088855,1433.0041789507686,188717
2019-02-04,1430.5138527001614,1435.9117446056837,1419.3482804516984,1428.172773598487,153936
2019-02-05,1425.6524969958461,1433.3122489110458,1419.4803850524668,1426.5008758660601,89099
2019-02-06,1428.0186880988465,1436.4007819995397,1423.8803303018735,1433.1834022094965,293868
2019-02-07,1440.5001328914466,1441.5648009452395,1434.1722153352844,1436.0755474709013,182509
2019-02-08,1429.9755068332652,1440.819081713533,1421.0003811392082,1431.3358311536674,231981
2019-02-11,1432.3209616279437,1449.8749240137058,1424.2335202079762,1438.3793745436208,82241
2019-02-12,1436.2158596849972,1438.0132000893043,1431.0282471758355,1436.4679137255882,257928
2019-02-13,1444.195914900455,1456.462091200077,1443.1302508290073,1447.1666126330872,104984
2019-02-14,1446.770272997008,1448.1317523798357,1435.599818851312,1445.9230483657475,291697
2019-02-15,1440.5185975146208,1450.5318868412576,1438.9281952932004,1445.5545600011176,288408
2019-02-18,1445.5476169000121,1451.892783392646,1437.6130834934938,1447.298995453155,267173
2019-02-19,1429.0336250080918,1438.7392775019507,1422.4442098835277,1435.994919175961,250117
2019-02-20,1444.2147736927716,1452.5510858094633,1442.7601065968506,1450.129840665129,161022
2019-02-21,1440.8836251988337,1444.7775630834153,1440.0665609676612,1440.5075729827831,98373
2019-02-22,1432.0562021520188,1436.6569761334383,1428.2671988576822,1434.4962732862148,286306
2019-02-25,1446.3278884272136,1448.713498044077,1431.5965242774291,1439.87745771578,234200
2019-02-26,1424.4113459244477,1428.7469089641822,1417.6491670275793,1427.5510697109619,183366
2019-02-27,1449.7801281995685,1450.1157129657436,1440.9766963492307,1449.1094233891474,186126
2019-02-28,1431.7243744343448,1440.0837618727012,1423.4879664521702,1437.1952577113875,213938
2019-03-01,1430.4309411265408,1433.0245227059013,1417.3758874759587,1424.1920406114314,148157
2019-03-04,1427.4119530024075,1427.758665146671,1419.666471589694,1427.2819723574187,176696
2019-03-05,1424.393796425289,1435.1905863523737,1417.0534790031268,1430.9273464403952,199754
2019-03-06,1431.8997946931916,1434.6873150624413,1428.2118201681515,1430.9491769714439,96376
2019-03-07,1438.4476586337528,1445.0674147003808,1435.2277672720884,1440.5837772522939,181841
2019-03-08,1454.8667223290006,1455.7204396518246,1439.1846607959258,1445.6926328934085,270944
2019-03-11,1452.1956687790273,1454.226897110047,1443.8889748439103,1447.5477397460093,179269
2019-03-12,1441.8376889452375,1457.2316403922007,1440.2535196528459,1445.22176314259,260936
2019-03-13,1438.4685871282531,1450.8119563753162,1422.8993708368848,1435.4660924962338,123385
2019-03-14,1455.710908705491,1459.2636859649663,1450.8486890179333,1453.6597519553527,180295
2019-03-15,1455.630107920304,1458.508222459435,1454.1233003160396,1457.1700810150696,240623
2019-03-18,1431.4208340971018,1441.2032273334262,1420.9851944386805,1432.8388969097614,203658
2019-03-19,1442.6646232891198,1454.1169793632112,1436.2554947520796,1443.7773906699185,94826
2019-03-20,1443.649181589669,1451.5121401153526,1443.0604358633025,1447.8353837050568,160841
2019-03-21,1448.2719405432179,1450.6851510117394,1445.7300139804113,1447.0452903037678,120400
2019-03-22,1461.4567078541688,1466.9427238069038,1458.6829773751913,1463.6223332629186,153345
2019-03-25,1456.5255515653585,1463.2905561677971,1455.0257197220594,1456.9384107261092,284719
2019-03-26,1452.6525894284202,1454.8097539921591,1450.6722751269708,1454.2034841745867,177660
2019-03-27,1437.906981007485,1445.0987052303908,1435.956795496973,1440.9934382684698,180019
2019-03-28,1444.22267000716,1447.0858145708455,1428.7657026657098,1436.010956014341,141491
2019-03-29,1446.6690238868541,1456.2910211939268,1443.5132574074987,1445.412753422727,300232
2019-04-01,1449.7688351885083,1451.5212792709178,1446.223906613065,1446.8873160265264,230529
2019-04-02,1458.3488496901268,1459.5920706113627,1440.397508357461,1446.793408510333,152820
2019-04-03,1439.3643765910729,1440.6414874440172,1436.190451024644,1439.52863919056,204302
2019-04-04,1441.338513870615,1446.1097631482362,1433.099955553929,1444.3494615941713,184134
2019-04-05,1447.3881943138772,1458.805899379201,1439.6649354780045,1454.7494691808877,106820
2019-04-08,1455.811839419759,1463.2129326915483,1445.6953762787716,1461.9725043484602,243264
2019-04-09,1459.0303139048028,1467.3557196259806,1449.546490336136,1456.3088041370886,134114
2019-04-10,1453.7985307251631,1462.930340134882,1448.127085095873,1459.7839199116436,105325
2019-04-11,1452.9163900397002,1468.8703329403804,1451.8117995897057,1461.7789264316848,206895
2019-04-12,1461.302675861005,1466.9380091645298,1451.334371286695,1461.1315430291934,146790
2019-04-15,1472.1358127229882,1474.79932991168,1470.3632054752659,1472.4769327903066,100366
2019-04-16,1465.72117189829,1469.7559602900885,1455.0340980450192,1458.4320515420443,225923
2019-04-17,1460.3769328779529,1468.0514898548738,1457.0323410372127,1466.6773915002589,215694
2019-04-18,1460.7495856636535,1465.2317232626085,1448.7244295188705,1456.3280457078483,101113
2019-04-19,1467.2867411796378,1485.425922297982,1463.7445983126893,1477.4590151326943,306561
2019-04-22,1478.665605476888,1483.5103457132818,1465.1607831564615,1473.0767843355125,83018
2019-04-23,1476.8041641858592,1478.2175531370149,1467.6904595979397,1475.5657745529525,183187
2019-04-24,1464.7169440592372,1470.3722648153905,1464.3156114031158,1468.8340128749785,117681
2019-04-25,1471.9185493690482,1477.277409753195,1462.4841546833734,1466.565174213371,82948
2019-04-26,1459.324201579882,1464.0273767239325,1452.8102863407098,1458.5894652128,134347
2019-04-29,1473.204788931164,1475.4918481004474,1468.1477470729699,1470.596620367683,96918
2019-04-30,1479.0414235377739,1485.2548942700812,1473.0890731565253,1478.8543251616995,91837
2019-05-01,1452.5911021656923,1454.411226774539,1439.4599996302431,1447.6701241914332,261764
2019-05-02,1486.7900727591225,1487.1949330221742,1481.227634043452,1483.8789330137179,128251
2019-05-03,1460.7836669961737,1465.259212002451,1460.256148384301,1464.8972393863783,172732
2019-05-06,1474.4913923170946,1481.7446622698756,1470.4001710896737,1478.3143518995955,138266
2019-05-07,1464.6353832329892,1469.771839541167,1459.241473034225,1468.2760373632918,135174
2019-05-08,1477.8198813359975,1480.3733211455924,1473.2793487091385,1474.3646714329445,113171
2019-05-09,1483.8232575861757,1485.7127318654204,1477.9672355297143,1481.1063129589181,314161
2019-05-10,1475.7873479919708,1480.1166163419034,1473.1507013030218,1474.5231177813616,268405
2019-05-13,1491.0704496892645,1494.2123842192161,1480.8335773039855,1492.0457585576476,296603
2019-05-14,1477.8639049322303,1486.903034520267,1475.0708899301342,1480.3769561909774,109053
2019-05-15,1486.5515753958564,1490.647790270311,1483.318863722327,1484.9956407693317,132685
2019-05-16,1479.1015181998375,1482.6261555078797,1474.2972202136111,1475.4397088678768,291099
2019-05-17,1481.9020092174917,1483.0459402085567,1477.1626083816614,1478.47628468136,124390
2019-05-20,1487.362957205558,1488.2939210426082,1472.0157115354364,1480.1735611515635,123444
2019-05-21,1497.0106549710338,1503.1880833870136,1487.4661228194716,1489.3437182348457,81606
2019-05-22,1496.6611090436618,1501.4618581758618,1487.2397121790248,1498.2349664713504,163434
2019-05-23,1499.418208106903,1499.5267476203448,1482.0249652271248,1488.1885953475087,119615
2019-05-24,1486.8068537604645,1495.106368514067,1475.127071794646,1480.1429562864962,177047
2019-05-27,1488.3356331625366,1493.578177666063,1483.6790820323965,1486.9440048476001,137777
2019-05-28,1482.7664699463546,1483.7362427737733,1474.873605630472,1481.07591874272,185013
2019-05-29,1498.8660245301141,1503.4582624046664,1490.0551106539172,1496.353701040452,235730
2019-05-30,1491.7451765474252,1498.4054077703593,1484.6489419607974,1493.963805426574,239755
2019-05-31,1483.8180221911368,1486.8961163213662,1478.3382414935918,1486.7028131862805,236337
2019-06-03,1493.4261117956237,1496.6291057737885,1485.709302487875,1493.1424371541616,137747
2019-06-04,1502.4485645917257,1512.2751937553658,1492.956348301387,1504.0011972748873,218539
2019-06-05,1488.8895134954907,1504.5252097601704,1478.07483066305,1501.5005514903296,269048
2019-06-06,1499.0060148277107,1509.884872998372,1490.1265035101396,1496.139918873859,278309
2019-06-07,1496.638411666256,1510.732805117807,1494.5332292181788,1505.0555655715016,105455
2019-06-10,1503.1681140238002,1506.69455342505,1494.808604792239,1501.598810718059,317108
2019-06-11,1491.9246048816694,1501.5892306652736,1485.3160424996115,1493.4058499715088,307489
2019-06-12,1496.562150042212,1507.1016077874297,1494.344002865361,1499.3034130390995,241203
2019-06-13,1514.8663070279665,1524.0183290254101,1507.5120529990884,1511.3845688395957,272793
2019-06-14,1486.300342346506,1490.842843250633,1479.8249221327471,1489.8494733616178,245284
2019-06-17,1503.2442529886853,1515.9934598438851,1500.5351195800567,1507.506125290302,92073
2019-06-18,1500.531797623789,1502.7355879372215,1497.8114077011917,1499.1588054507067,138015
2019-06-19,1506.4023448254766,1518.5643947757,1503.9395860429345,1505.3656148112175,114128
2019-06-20,1501.671756143504,1508.050514412805,1498.159122918828,1504.7393468636953,100648
2019-06-21,1501.666145870984,1511.9238197381321,1497.8732747485822,1505.0271208603779,195169
2019-06-24,1499.7998074742495,1507.5998875789037,1498.541611963351,1503.0233512987563,285336
2019-06-25,1505.8968675465474,1509.4174925505733,1499.2989735270328,1504.3810317724133,220520
2019-06-26,1513.4041193028054,1515.1462059288722,1510.9017062058495,1511.4147215237422,214211
2019-06-27,1512.6464967910536,1519.0422441337507,1505.0783129539768,1508.9530771259404,133965
2019-06-28,1496.035639818825,1501.7175103799013,1489.5281479328428,1496.4837052542093,146793
2019-07-01,1504.730679402553,1513.88453014357,1500.3135897285292,1508.739379309033,85555
2019-07-02,1518.9457446368594,1528.7302558167028,1513.0668820866376,1515.6901066083722,205492
2019-07-03,1523.856286939383,1527.2671568273884,1508.0175199726143,1512.0144347682344,273015
2019-07-04,1515.866009267766,1519.928099054028,1507.2700674950534,1508.6199533477788,167022
2019-07-05,1487.474383515133,1492.2339692669855,1486.101928290148,1491.9601052728335,148536
2019-07-08,1517.4646544940556,1527.2696602944045,1513.5065463683122,1513.9984131681376,145513
2019-07-09,1513.1844975934632,1518.6846826751362,1510.5440613995147,1513.6968323496258,302955
2019-07-10,1522.9479750844582,1529.1021434411148,1520.0337987670937,1523.3788746555513,86842
2019-07-11,1504.9073042634936,1513.201807966773,1494.1345387266756,1506.0497604800864,105695
2019-07-12,1509.0696690333614,1519.5969645080277,1507.6648059154145,1512.7066506985177,232286
2019-07-15,1505.1633624359886,1520.753760307768,1495.3237180201334,1511.9182225446855,175309
2019-07-16,1519.6119972547385,1531.7387431708653,1513.409268548588,1517.5794798324068,227402
2019-07-17,1503.7871393383025,1508.6401588114686,1500.2772372541688,1508.2872373377543,204088
2019-07-18,1513.9858668688016,1518.6419677921394,1511.1184609890845,1516.3897325563428,310331
2019-07-19,1517.436262487763,1530.7985934304245,1512.8686924633187,1519.1256520210836,115816
2019-07-22,1521.299219343771,1527.6998765459387,1507.240696087673,1520.8223979892152,194171
2019-07-23,1533.3191393968946,1538.036354868061,1530.5164546240103,1535.2522763190427,278585
2019-07-24,1519.1852191128235,1529.9490082914826,1516.173443548522,1519.8026985129206,118365
2019-07-25,1518.9061950246235,1522.213985735981,1512.5937326145847,1520.774322416453,288185
2019-07-26,1535.4323089761403,1545.4524084305242,1529.081431310088,1534.2188332873343,144281
2019-07-29,1524.0114509397429,1525.7474536614177,1518.157289858293,1522.3430103327696,150698
2019-07-30,1543.0904165155218,1551.2303520690455,1535.835187982877,1536.3350234940447,318408
2019-07-31,1534.8688324595166,1540.9300108819318,1529.2729571223285,1532.240257433454,189887
2019-08-01,1521.0739704079829,1527.4857643044907,1519.474181500147,1523.5906970336723,305236
2019-08-02,1526.8211468209797,1529.8818453207962,1519.0856940872843,1524.1973102582356,293761
2019-08-05,1535.3960503489361,1538.0331648631454,1531.0846914564675,1531.1420488265835,176229
2019-08-06,1526.8130603503623,1530.7406013058232,1519.8549667996722,1529.3044042784152,274286
2019-08-07,1532.4718365917518,1535.699727087195,1528.8520590370704,1534.8949690630602,296814
2019-08-08,1520.6287930373333,1530.9890797924595,1513.5299088005568,1530.7734041930596,118943
2019-08-09,1546.4813284829925,1551.0400128090155,1537.9475672278384,1539.5726978564219,313393
2019-08-12,1531.3226084096864,1531.9038307651977,1528.5088641698799,1530.571299279917,306586
2019-08-13,1538.4624367770928,1540.5269659838393,1519.2156684368651,1532.2233843836214,258492
2019-08-14,1528.634218369453,1537.8927595254393,1524.2635077569505,1535.5026807373872,84253
2019-08-15,1517.7284787537371,1532.2509725105235,1514.378135749934,1528.28218322824,209526
2019-08-16,1538.2423080941883,1545.6980780928723,1535.1709684470059,1536.7281317411396,144484
2019-08-19,1534.9617401327716,1543.7577088673822,1533.0722644900027,1538.691920332816,199752
2019-08-20,1530.2273747578656,1542.2166019287552,1525.350542297645,1529.3507629051662,260574
2019-08-21,1524.7675664822355,1529.732173522225,1517.9105291059602,1528.1826290759836,111313
2019-08-22,1558.0333290570334,1558.632416466547,1553.261786071554,1554.1437562813637,149893
2019-08-23,1541.215045448826,1542.8557029855137,1537.0924706804724,1542.5990271734202,281971
2019-08-26,1543.8893584526716,1547.6056556644849,1543.5243549988038,1544.516563991596,143685
2019-08-27,1544.0748269452613,1552.160282389394,1536.2441570272804,1541.7384026388447,258991
2019-08-28,1559.6064902844666,1570.6513935754442,1549.8553396580294,1561.5404596446517,142268
2019-08-29,1548.2383862102236,1561.3646761269324,1539.4016850373512,1549.87144666343,168489
2019-08-30,1543.4666859556874,1548.8902684325417,1533.305768009549,1537.6473723893312,123630
2019-09-02,1556.232731455457,1567.7032202409978,1552.538817374237,1556.520738158977,289325
2019-09-03,1545.4462319918678,1551.858105569752,1541.9453223756168,1544.283078470686,127155
2019-09-04,1557.6049272348553,1560.4369012632571,1554.0748000746828,1555.1513754957466,182323
2019-09-05,1552.3791122829891,1557.0578559148923,1548.938644179138,1551.7304305412586,146185
2019-09-06,1567.0272076353276,1569.8278302621632,1556.3179493208977,1564.4880215550522,207490
2019-09-09,1569.3903690662344,1572.1947976890851,1560.1066598902491,1560.4082084111021,163501
2019-09-10,1559.5336218885002,1567.0455263295746,1547.7800888775125,1554.3586381874431,97598
2019-09-11,1561.502475219176,1571.182388209097,1549.5281559209402,1567.8647856200266,95043
2019-09-12,1569.4049196754904,1581.9515012260329,1568.6942737512852,1579.5551856044217,203816
2019-09-13,1550.9700268058814,1557.4096723983555,1545.882684485318,1554.8231266735452,201840
2019-09-16,1558.2253546625043,1579.2074191130785,1555.788189722515,1569.0522814194874,283911
2019-09-17,1552.2952356706708,1568.0753982274425,1550.015245720135,1564.6730441932164,240747
2019-09-18,1562.421153503927,1568.9325438975545,1556.4486922516119,1567.1268632937076,163453
2019-09-19,1551.377833244748,1559.938451749901,1539.744207499725,1555.6696504105944,252190
2019-09-20,1560.715991372029,1567.0211690435876,1558.6410800985777,1559.7501813852275,139725
2019-09-23,1581.2634460984466,1588.250147500677,1575.2174692023332,1578.9884005558883,144762
2019-09-24,1581.5217475572515,1584.0141206583335,1560.6275202208576,1571.2550555462788,188492
2019-09-25,1563.1181770803003,1568.8724792580372,1557.2580738433476,1566.2892118345683,234685
2019-09-26,1583.0002937816155,1587.9512522519904,1579.315807393503,1585.7194863795773,119772
2019-09-27,1585.5972934334059,1592.7870732632512,1583.940951878992,1584.4213216471749,199604
2019-09-30,1587.2919283964438,1598.9553237891896,1576.4666780562998,1582.0298000436396,259748
2019-10-01,1567.0989739718646,1568.370747538558,1556.3369424421612,1568.1779030602709,179070
2019-10-02,1574.4757003892632,1580.7381868726238,1572.7510292000238,1578.5669478070613,217668
2019-10-03,1579.8631637212786,1593.7683460943476,1571.6834355734084,1592.4291584453642,137867
2019-10-04,1571.278765092829,1578.6058656601992,1558.7710184080192,1567.247363446893,188370
2019-10-07,1570.9988759019957,1577.0645888935612,1566.673709311499,1571.9692595724134,167974
2019-10-08,1586.9948682526551,1587.6426131647968,1578.631682836301,1579.5885455101875,295689
2019-10-09,1602.9847424987856,1603.2587412768823,1589.9139136616752,1594.2642114154107,178804
2019-10-10,1597.645184090584,1602.1851863238194,1579.0468136348263,1588.5778841665258,292856
2019-10-11,1595.6066844925313,1597.1230125260029,1589.620773555066,1593.3141416271808,246750
2019-10-14,1595.9683014584593,1596.199069326205,1590.2892922394828,1591.7071590063586,241959
2019-10-15,1585.1830071195573,1601.9072730134576,1581.2116981810345,1591.4103934606767,180435
2019-10-16,1602.7024067952464,1608.2370523398856,1589.0531019963767,1600.5694687325215,298063
2019-10-17,1621.1001120050298,1636.0551288975485,1612.5867103573992,1622.7327595741367,318580
2019-10-18,1605.1007004251353,1608.2192836537429,1594.8395366500522,1600.06464587678,247637
2019-10-21,1604.7868849839963,1615.0390468527069,1601.0233223985883,1607.2732773421,267741
2019-10-22,1593.4321565211512,1601.5594956710463,1592.98023961181,1594.420121011061,213997
2019-10-23,1608.2500940793616,1623.096113409053,1603.5772290347227,1612.13377694012,100008
2019-10-24,1611.0861481397078,1611.6548545047438,1599.278643491407,1602.3196353901762,186338
2019-10-25,1602.6964432244863,1612.6170326192293,1594.9925339518124,1602.0653170282326,96733
2019-10-28,1594.4255722425055,1603.4003083180512,1591.1066030007714,1599.0931963305195,198056
2019-10-29,1595.6619807198783,1599.8792640190154,1595.008582583832,1597.4441184517298,270877
2019-10-30,1593.3071421429097,1600.031690224014,1578.97453642266,1599.3479438736613,252208
2019-10-31,1602.2639945653007,1608.5566903389538,1595.1114539318967,1596.4834995729748,299741
2019-11-01,1601.8151676148757,1608.5293494319128,1583.2139428159653,1595.9160988227675,187450
2019-11-04,1624.6587388163612,1625.9351947840707,1617.5343548273358,1623.838381380466,204918
2019-11-05,1615.4350135945476,1616.7671869336966,1606.9112701549914,1613.952603669848,238161
2019-11-06,1613.0187194942666,1624.0643610505704,1601.080536706676,1619.9216989983904,228908
2019-11-07,1623.7014024770813,1630.4189708836434,1605.778240267756,1616.1340141580017,214023
2019-11-08,1602.2792431369412,1604.5126551128208,1602.227559581568,1602.4434070364143,152848
2019-11-11,1625.8715295679642,1630.8330963248216,1610.399769699623,1615.966840864358,206692
2019-11-12,1605.1790300712291,1608.8519889070953,1604.8815308526591,1607.8699773532537,90845
2019-11-13,1611.2429912516486,1619.466823062188,1600.6274823179758,1608.935223150945,232167
2019-11-14,1620.617161046041,1624.1709893277023,1611.7590809869396,1616.3534535273172,123246
2019-11-15,1621.3465972942367,1635.9264651706123,1607.92573640458,1617.4578527468877,258179
2019-11-18,1616.9479480994908,1622.3513959109866,1616.6967810498081,1617.4296086864595,142210
2019-11-19,1624.6865230750377,1630.3184539832498,1612.663491071085,1619.4181550369615,276399
2019-11-20,1617.0400861335972,1617.1644705852455,1606.382926225646,1615.0949020846401,212876
2019-11-21,1618.3298555766614,1620.3972091869516,1612.6931559942761,1618.154857989151,140125
2019-11-22,1623.9435651682033,1631.5867198292553,1617.2686376128318,1628.900738420397,208960
2019-11-25,1644.7235007938543,1646.3340361132266,1633.8989757524146,1638.4187988976596,143196
2019-11-26,1629.6278962458898,1640.1726608866782,1618.94097378614,1629.4037331276938,111934
2019-11-27,1623.448151916593,1626.3751099427104,1604.4737705174773,1621.0760101773058,185131
2019-11-28,1627.068954087516,1641.3195775449053,1617.005022682055,1627.3251189048297,187909
2019-11-29,1636.0062973920828,1640.5245083526838,1624.9118751103301,1634.2751004394838,289207
2019-12-02,1635.2975146274566,1639.6980810773157,1630.6535532262512,1637.0324921698507,170466
2019-12-03,1652.744072151747,1658.102554992399,1635.3019491356629,1640.1728444705411,140541
2019-12-04,1650.8175106941032,1660.7198558024268,1635.6156612646685,1641.9007742551046,309242
2019-12-05,1637.5113140658807,1650.455682477251,1630.69467981441,1634.1622644649788,286619
2019-12-06,1629.530992064798,1629.9910673560382,1624.379217739687,1628.0953851405422,277632
2019-12-09,1621.1604848831855,1627.4697179388677,1610.1965042129932,1617.8689415508652,264412
2019-12-10,1635.1137516912763,1646.7975119649002,1634.6825362461364,1639.2049642755442,121840
2019-12-11,1640.6750904697735,1646.0075187536493,1628.79175653036,1637.6998560178356,170254
2019-12-12,1624.44866579836,1634.636201227726,1619.0328995135753,1624.844376726174,249608
2019-12-13,1630.3998717766005,1644.1501116297754,1627.4526236759275,1632.385874417855,86886
2019-12-16,1625.2527982488807,1630.7122808414786,1624.6360463030326,1628.5030066748454,273493
2019-12-17,1624.089756470126,1629.161025579913,1622.9925314874167,1627.3033301678674,214634
2019-12-18,1649.8528973027348,1654.6923844309397,1641.5092550779793,1647.4561535349992,197218
2019-12-19,1631.9809012312019,1633.8761778643875,1627.4852118752149,1631.828226600201,140939
2019-12-20,1653.1296530271775,1657.4767947631326,1647.378690913235,1656.9737375829302,169079
2019-12-23,1641.050106214929,1643.7893729992159,1622.2642273106167,1638.9875303555705,267882
2019-12-24,1634.960018554265,1637.0073867379751,1633.4978326151554,1634.2336967347946,270176
2019-12-25,1639.3334813679921,1640.4024785799936,1633.9142293719965,1639.7637242314577,221271
2019-12-26,1668.6132726923292,1669.8330348394027,1654.544685993547,1661.4079104739358,207822
2019-12-27,1640.257576174572,1656.1454612771963,1639.440738436295,1641.4858435891908,298968
2019-12-30,1639.9437823333792,1648.7135728262972,1634.924794575042,1646.4108634610038,261341
2019-12-31,1626.8857972790004,1637.7057395158465,1619.8112941536851,1626.1232813418526,131765
2020-01-01,1645.1982277263653,1659.7608069069342,1643.1336079864786,1650.0012413247623,128719
2020-01-02,1638.6306949631462,1640.162719426521,1621.4518806671008,1634.5646556438562,286771
2020-01-03,1647.966275228802,1650.1389930254147,1640.611075563221,1645.1492182700117,134939
2020-01-06,1656.645815824363,1659.4302036195293,1653.9792068401691,1658.1324963295197,282014
2020-01-07,1648.8360893185998,1659.9530760761852,1635.8793711709304,1646.3545545454795,121324
2020-01-08,1654.0592532946632,1666.7142617303828,1653.1077955284234,1655.9850675220343,226925
2020-01-09,1646.840175551427,1654.0264567560123,1631.6467725876464,1649.045718447177,316117
2020-01-10,1640.1242451657101,1653.8005126520347,1634.7303511440487,1648.7475628075595,239228
2020-01-13,1645.1811436649616,1658.4009443866576,1644.7204647093097,1655.357837124129,317913
2020-01-14,1661.1873079834247,1667.105905275737,1652.8504723933247,1663.1842445159605,98307
2020-01-15,1666.2261520285758,1676.2116035652184,1652.8007517335307,1657.6108326664994,244585
2020-01-16,1651.5498790454442,1669.8509847661394,1647.9943934226485,1657.3754968249004,253975
2020-01-17,1650.3919415021473,1658.0311113447551,1631.1367477093459,1650.764707722481,98773
2020-01-20,1641.3686776140846,1653.7151845942517,1634.9706152294627,1644.5622710262605,150171
2020-01-21,1664.374573436406,1668.8057582856911,1655.3905021890325,1661.840301863661,173003
2020-01-22,1654.6659549519711,1662.6776249761867,1647.5375333941001,1658.6884225184413,136512
2020-01-23,1663.001229957835,1670.628497030932,1657.3269859320606,1663.5283586200053,259790
2020-01-24,1671.5660396859842,1676.7479823967367,1668.5287250274819,1669.5968316038861,126824
2020-01-27,1666.7599102315744,1680.0192603584355,1661.5205453510016,1669.2502110330229,288173
2020-01-28,1656.8527829491384,1658.6519601282064,1654.6565307379078,1657.5918397927394,265480
2020-01-29,1664.6241152269017,1673.5091501475092,1664.378093479658,1665.6714648374884,296132
2020-01-30,1669.154776987267,1670.6637343211803,1663.2861932123367,1666.6038903244603,166516
2020-01-31,1664.3499946226011,1666.6465312527923,1657.9137725565686,1661.2991903013067,304919
2020-02-03,1651.589990820535,1653.3898394017704,1640.142921405676,1647.9731536993565,137762
2020-02-04,1662.091857593068,1669.3118557336918,1657.150331622462,1659.9999717888104,160703
2020-02-05,1659.8870122549924,1666.9171291452785,1650.5149038557506,1664.7465196828234,293000
2020-02-06,1669.653964311278,1676.0064868033649,1665.4136946440212,1671.6832374279184,137524
2020-02-07,1668.2145407001058,1674.0615392835753,1655.6332854050454,1665.722634779485,172815
2020-02-10,1660.0763423851827,1666.8057230290806,1654.3987162392818,1659.8589226223373,136867
2020-02-11,1688.6349703940236,1694.9560289909823,1679.625403471379,1684.3810506385526,225614
2020-02-12,1667.0555835558448,1675.0491521951167,1657.890880098195,1673.2591567326865,86977
2020-02-13,1666.3699355740189,1675.4230579073608,1664.6248311321665,1670.72217181239,136084
2020-02-14,1677.4185327763405,1684.141060377896,1671.6983475966917,1681.5685598039788,144622
2020-02-17,1684.3891691125682,1684.4192463014745,1674.4827024598706,1682.959212163974,189978
2020-02-18,1674.2578270145573,1681.3226634631624,1672.253017347693,1677.3940544415525,106643
2020-02-19,1668.820079243169,1673.3401219763575,1663.7046152017301,1673.208425337645,166640
2020-02-20,1674.5632135485528,1676.0548128968537,1672.033957739269,1672.9301742609027,254375
2020-02-21,1684.2053769759646,1694.897811687932,1678.6044409825445,1686.2632619530837,167477
2020-02-24,1675.2263149172716,1683.6149346262891,1674.708546558822,1680.5566207632837,290631
2020-02-25,1689.1684826083874,1703.160285717452,1682.0222647646028,1687.1662765800465,149591
2020-02-26,1669.0674066752829,1672.2509850812305,1664.5447634834138,1669.633927238851,195392
2020-02-27,1685.5026797402195,1688.4606634054169,1674.0358645188708,1683.1588980891024,89435
2020-02-28,1689.5881605308223,1693.9817460175584,1683.5463878315531,1686.858930928944,193386
2020-03-02,1684.1428907267361,1692.2293603702785,1682.4858097826775,1687.1285584352297,253235
2020-03-03,1674.4526822662738,1686.9759111050735,1664.1440763591565,1675.9330654945595,87018
2020-03-04,1686.9907040575501,1689.9646105675372,1685.4577248626758,1687.6782232698856,165167
2020-03-05,1709.3766823188155,1715.2444889234484,1701.9441017087795,1706.0939473575913,197553
2020-03-06,1696.093816654767,1697.4212672731992,1685.7757698801609,1696.344257682557,142474
2020-03-09,1693.9481034842981,1698.3678295335903,1687.060871026622,1688.910335169443,152341
2020-03-10,1685.286230500541,1698.2672224661087,1675.7963461283155,1688.0456322603104,174921
2020-03-11,1683.9141847243563,1685.8602874335968,1674.0945388631376,1683.9846676635043,141361
2020-03-12,1704.930665690356,1714.6745169547457,1682.1161739674387,1698.6251454403869,118029
2020-03-13,1685.8418719760004,1694.1006607058853,1685.3226379138953,1692.748785742953,145531
2020-03-16,1689.6987029503625,1703.0742762302107,1683.8347535826351,1695.9533774464255,218252
2020-03-17,1709.6137307740578,1710.2376155983236,1704.3634785378808,1706.2741955289903,102889
2020-03-18,1710.934497114251,1716.4888009547467,1694.4396969980053,1707.2942741165357,221405
2020-03-19,1708.9979861332865,1709.9936672131378,1703.254673920727,1704.2451872201127,294479
2020-03-20,1690.9602770970673,1694.673049853981,1686.7601140287352,1686.9192109756814,283087
2020-03-23,1702.1934947286577,1708.8001770689903,1680.2743982128338,1697.1981628050287,306354
2020-03-24,1709.6552934158337,1717.1671147030893,1695.1901235269102,1712.1751304690024,127381
2020-03-25,1692.3900313609192,1704.902803270215,1683.8386969133994,1692.3548021137995,129867
2020-03-26,1714.1038730125797,1721.4743884937357,1707.6955576441526,1711.4112240483673,263302
2020-03-27,1697.7167329669126,1707.1836352366263,1696.4938392701686,1703.7095891473737,264641
2020-03-30,1704.95305652869,1723.7222161572658,1701.9700099213237,1711.2768729523775,110827
2020-03-31,1699.3054248008557,1703.6777322535688,1692.0596811431776,1702.259794810794,115567
2020-04-01,1702.7758101112631,1710.2111694449188,1694.938133192886,1698.0164745670374,283595
2020-04-02,1703.4765279753592,1704.1939666897613,1697.785751165989,1699.8362258501018,214517
2020-04-03,1712.9290713981857,1726.1996900889546,1711.9107683598127,1719.390175182362,168182
2020-04-06,1703.5658023310298,1721.401146012186,1699.3769658144533,1706.4151271731878,195262
2020-04-07,1696.3637589262357,1700.7920220853946,1687.475072083487,1699.1443452651768,180979
2020-04-08,1716.5179121853416,1717.5089617399808,1713.9813607329938,1716.2429385480102,182503
2020-04-09,1699.3695391138415,1704.3575495068608,1689.0234688226697,1698.4947977820605,313240
2020-04-10,1709.602359387778,1712.5323705581013,1706.8506216367225,1709.6785347545047,177339
2020-04-13,1709.7761668968878,1725.9097277305523,1703.034454123727,1714.4148099024053,151895
2020-04-14,1719.9662172112733,1723.0482082095134,1703.8216731734165,1714.677943777347,111047
2020-04-15,1720.2391592312556,1725.0984064392005,1714.340596769889,1715.2278070080567,211293
2020-04-16,1706.6685963632576,1725.253948237988,1697.3800840665867,1711.8999721333669,138669
2020-04-17,1692.245062827532,1693.2655316421667,1689.41373340669,1693.1713511960093,88893
2020-04-20,1718.753580151638,1720.7715660191545,1711.9122407641123,1713.6161092990296,251151
2020-04-21,1713.5157652563894,1713.7196424332328,1710.0321506158837,1711.8932543662406,229714
2020-04-22,1713.5215238713367,1720.6388429629928,1703.422869256441,1711.3165232366405,204372
2020-04-23,1714.8330228045227,1725.1986202452074,1711.5469114282535,1717.096968179165,104367
2020-04-24,1724.7586528881945,1742.0116953126699,1710.2287678646746,1717.8425408629294,217448
2020-04-27,1709.9295294875492,1727.77002003163,1709.6089040877694,1715.3398632027938,148602
2020-04-28,1731.9099306718906,1732.9149120898614,1722.4253113520635,1727.4510542482362,87714
2020-04-29,1743.4774728682553,1745.999932872734,1732.1720462458798,1734.7857146203628,254559
2020-04-30,1717.1364484824628,1730.6865453582832,1712.4704070533462,1720.9116424429767,132118
2020-05-01,1721.829733726706,1727.4514815472678,1710.8380178441457,1715.327780524847,213211
2020-05-04,1712.9135565707666,1714.413943566057,1704.5480116412446,1708.8995447373381,299535
2020-05-05,1720.5521890456191,1726.059226253849,1719.3855601516939,1723.7607020168605,174587
2020-05-06,1709.2755207468476,1714.415570483242,1703.6318882132894,1708.5508711453754,102229
2020-05-07,1743.6197993110818,1749.6552383782025,1718.2739618027342,1736.629863552962,185312
2020-05-08,1730.5287793515138,1733.797671701973,1729.918902265863,1732.7688962746822,241679
2020-05-11,1717.6465053089835,1734.0717923989453,1711.9108312677233,1719.8755791650083,298654
2020-05-12,1714.9346340308527,1733.2725581389107,1710.8192178958159,1729.1148796005762,227441
2020-05-13,1708.8548628823862,1719.4497414569275,1704.0100397496399,1717.0522967192333,142306
2020-05-14,1715.1149399785695,1730.9013287382104,1708.4204703769803,1717.0436150710166,256003
2020-05-15,1732.9223966617678,1735.6477517974988,1725.2794087875036,1733.6300083808042,287129
2020-05-18,1723.5861531109824,1735.082152899883,1709.7153416906765,1720.7238971448626,285461
2020-05-19,1733.8831579105968,1736.5639900178098,1728.1387285959863,1729.6062735700375,272564
2020-05-20,1738.6267531323952,1739.6228920329772,1725.8240605194142,1728.9669216630796,206009
2020-05-21,1745.8586337258275,1749.0595218982667,1732.773750523874,1742.3920349374887,271076
2020-05-22,1749.8143246364098,1752.341642518124,1725.3052197223572,1735.332632944224,230184
2020-05-25,1752.4985915129946,1761.5470750706024,1743.589448666769,1748.6997412947794,238726
2020-05-26,1751.7314880659349,1766.40186544455,1740.7522776850897,1744.980227884675,137556
2020-05-27,1730.1129779370374,1738.1223531697028,1715.9030229242373,1734.0852027451353,309353
2020-05-28,1732.6532690041283,1748.0434499749076,1727.7909006734756,1730.3808155666234,266153
2020-05-29,1731.7163903622072,1736.2514459128686,1724.9665601228214,1726.9239219421315,176185
2020-06-01,1750.1447993678614,1752.237809790845,1742.0063745582027,1745.33826893664,308114
2020-06-02,1722.8504919321474,1733.0241477959048,1718.6146377935013,1725.0087617651388,209248
2020-06-03,1740.4939954069166,1741.3339460111297,1736.2591124936584,1740.6584627913817,271481
2020-06-04,1722.6805860589095,1733.684071472849,1714.392397529733,1728.8541947803894,166754
2020-06-05,1744.4752708578321,1759.2749050012883,1737.5397500695615,1742.7371957424511,319403
2020-06-08,1748.847843746413,1756.7062517992306,1746.3946706809224,1754.0728870920807,216687
2020-06-09,1747.3092807710868,1749.0697771559019,1732.8198337282208,1742.4195562715392,198449
2020-06-10,1747.6266779482887,1754.8684414885918,1745.0635847009576,1746.3111909363208,86726
2020-06-11,1753.3651697985554,1757.3932848997774,1742.5142897622939,1749.7484990830092,208698
2020-06-12,1760.1715472916487,1764.2500964656313,1755.6730303612699,1757.1321434370514,268753
2020-06-15,1746.7235181911558,1749.405814407452,1742.4032143579477,1744.4232757077805,272741
2020-06-16,1762.3367026359965,1766.4860932823817,1757.6375432447246,1758.1713679112872,254427
2020-06-17,1760.3121405953777,1769.1600559971641,1754.778406962257,1759.8871246233134,219735
2020-06-18,1744.672435965616,1756.240466660902,1742.5265229507625,1752.739657782798,200663
2020-06-19,1762.0274264646187,1763.8983691296419,1747.6884290195244,1755.5673754767804,192389
2020-06-22,1768.0764516359961,1780.378153530582,1761.5107725632154,1771.752964117958,166193
2020-06-23,1772.5139181942575,1776.1320500352954,1763.6361563776597,1767.805951498065,102116
2020-06-24,1769.7430845816216,1777.4399287303668,1763.241702395919,1766.9274491289784,114627
2020-06-25,1759.6021555837485,1769.0369291171203,1746.0542256471922,1757.622103637604,242033
2020-06-26,1767.0192888400156,1771.0752999250944,1764.5522625301749,1766.1441535259764,261128
2020-06-29,1764.0492757619822,1774.074529678706,1760.6321903924688,1762.5811680421157,296722
2020-06-30,1759.1424195499312,1763.7419608437053,1756.231412570688,1758.0653763777887,266187
2020-07-01,1768.268283774241,1774.2237031301204,1764.11292836077,1768.101433161497,300906
2020-07-02,1767.330906919665,1775.6741254635783,1758.1682069176318,1767.8956183173946,281978
2020-07-03,1767.3491587973963,1778.3964875369234,1762.8586340534193,1765.7896493062904,106209
2020-07-06,1771.4785606313997,1774.2143901202517,1764.401539393007,1768.3635699096496,104785
2020-07-07,1780.319786273309,1783.8921605594937,1778.2983503456778,1782.460122579686,281614
2020-07-08,1776.3696360783547,1778.83306493381,1763.280670770752,1775.094874798026,105550
2020-07-09,1759.4249253035575,1766.3887684267952,1755.6160826247421,1766.1574305077306,255064
2020-07-10,1788.7422663283685,1812.9243132833888,1788.394980451678,1792.895367986333,314118
2020-07-13,1753.1279517240425,1770.8209874063518,1746.9754505822812,1761.8017938616456,129300
2020-07-14,1777.6063209168797,1789.354981447195,1770.8522873184857,1778.9336036728946,84571
2020-07-15,1773.0807784995925,1775.2077448329615,1757.1830656085785,1771.1390545328397,195464
2020-07-16,1787.611570132125,1796.0041185201035,1778.3282073544583,1784.0292489361057,141930
2020-07-17,1773.4738727918943,1782.1907174349697,1756.0299723419755,1780.3141872124454,115803
2020-07-20,1795.0202508635493,1796.754828973007,1789.322451027865,1790.8239908846542,233179
2020-07-21,1778.1279016530902,1785.3126808570985,1772.2690912416426,1783.3415473748262,124804
2020-07-22,1776.426464982315,1780.5892904628267,1772.3934728923177,1778.484805423961,110342
2020-07-23,1795.258895276005,1812.4081268601883,1787.718086087201,1797.8207759417553,188652
2020-07-24,1795.4871256070503,1800.0721108115235,1773.5739343462844,1787.4521669286962,190644
2020-07-27,1788.2367648534807,1800.9663652156173,1781.8267027928403,1787.3368882171355,281611
2020-07-28,1798.8555371844275,1805.1835369359976,1783.0878242634114,1788.1568517972623,272974
2020-07-29,1789.0886793189336,1794.0964566652538,1778.9867260811739,1784.048857923065,203572
2020-07-30,1792.5219902708116,1795.2365431607943,1787.1353761308521,1793.7969146364424,95729
2020-07-31,1806.8544728220913,1815.3339892116603,1804.3604112490302,1804.7520154743345,274341
2020-08-03,1812.916845115491,1813.8509734546674,1803.1938016581703,1805.8926915044292,246062
2020-08-04,1793.9992610825466,1799.1603848743491,1782.7436456626701,1798.3965373213025,238820
2020-08-05,1801.047813572769,1817.515972426857,1800.6579766180596,1803.4843516277745,265090
2020-08-06,1807.6091809489867,1812.239302647371,1788.6242642454997,1807.7455067956616,276106
2020-08-07,1797.9861280653067,1801.680754004496,1792.1515011169581,1799.5762180218323,269073
2020-08-10,1818.0001110497126,1824.314848335033,1801.1095842566535,1819.2949898933857,101319
2020-08-11,1819.6587983714478,1820.6621571998978,1808.3875789582683,1810.8243098100606,99112
2020-08-12,1795.895055217229,1797.5596246250288,1791.3754019228852,1795.0613469557381,112976
2020-08-13,1816.7117160408793,1825.590654587334,1810.7898351280257,1818.2911842516808,142392
2020-08-14,1804.3018496531217,1810.6566900953646,1793.9523213180726,1806.2469821368172,288833
2020-08-17,1809.3032996259685,1836.6686688370564,1802.0885545288252,1816.2199570762452,196505
2020-08-18,1823.4161563419377,1825.1916949830343,1805.1236819495316,1819.1827044291995,212901
2020-08-19,1809.373612442162,1814.9920897853042,1805.1704490978748,1812.5468045080586,267780
2020-08-20,1837.2413236176315,1841.2837591003722,1811.747091602804,1818.7427479953847,201759
2020-08-21,1832.0325588242379,1835.9613069181034,1824.7036195177488,1829.5799025150102,237498
2020-08-24,1805.5547363975306,1817.2304773480334,1800.8518657804045,1808.483991674012,181701
2020-08-25,1797.176694366766,1804.1801413484616,1791.3063652597118,1803.3526353537272,280855
2020-08-26,1816.4657599913498,1822.8069306127927,1811.7390670110829,1818.8438470552896,304926
2020-08-27,1822.1883838030435,1830.0265881306511,1817.5610135190216,1820.0571441957675,137959
2020-08-28,1836.610328353141,1848.8871574244413,1836.0078326051591,1839.6392148888726,294392
2020-08-31,1835.1647558565107,1842.4284627652116,1824.4188339381717,1831.8203619520893,274737
2020-09-01,1833.399811878213,1837.546966933918,1829.5815243021573,1829.750628281982,173541
2020-09-02,1830.4187534244963,1836.0632289484147,1827.2165127089606,1827.4492951119437,176323
2020-09-03,1816.3960156428952,1827.4196162014327,1813.1116383450276,1813.697130591394,238388
2020-09-04,1817.98964189765,1827.2727049873477,1816.1652783508925,1817.8703765844177,198723
2020-09-07,1822.7971718187569,1832.6362676821573,1820.0529598979203,1826.1695139302085,248997
2020-09-08,1824.6562727338255,1838.1877384885836,1822.0697959526701,1831.0570994721654,222038
2020-09-09,1816.65628822287,1828.6333466363178,1803.5969417554131,1824.9989484663581,315962
2020-09-10,1828.9082281996184,1834.8404127751107,1824.6434363340286,1831.2157882986849,296573
2020-09-11,1839.5451365844633,1842.4814047006787,1827.063277098852,1836.0008798447368,119018
2020-09-14,1826.3154945400406,1828.8037169304694,1824.4776142823669,1826.328328440153,98227
2020-09-15,1824.4625400110383,1836.7416376739427,1821.838570215481,1829.8395299284823,111665
2020-09-16,1830.8638771381309,1835.2381641111936,1819.96716197208,1826.1138046547214,261522
2020-09-17,1841.389129499573,1860.3525346895156,1836.3052983791113,1846.4821347843103,112575
2020-09-18,1814.917569639872,1823.639142352821,1813.3446090918972,1820.9480651355912,222580
2020-09-21,1836.9755990081371,1855.3722928771826,1822.9591380095571,1842.116658358579,240657
2020-09-22,1841.3309112194931,1851.8699076278115,1838.065651277895,1844.8143448546048,319593
2020-09-23,1823.9887606293619,1831.290942162766,1821.8955282847414,1824.4250584345841,96968
2020-09-24,1831.3068654745011,1839.9570929629383,1815.0441964829877,1837.7983648347001,221550
2020-09-25,1841.6291284475408,1860.240561130272,1828.161313767019,1850.132483601113,271540
2020-09-28,1838.3108023540342,1846.9079578677786,1834.565531126871,1836.0738409432226,252118
2020-09-29,1841.72438049884,1848.3901360434247,1837.3327093700218,1840.3952299382383,223684
2020-09-30,1850.6139242616048,1854.3442351391786,1835.2255277256954,1848.1594188425531,134113
2020-10-01,1863.6998757844958,1871.7221526610829,1845.2832399905978,1859.7543948087775,143258
2020-10-02,1855.6758019435192,1871.4633408511431,1832.6954228294542,1855.435973128332,199271
2020-10-05,1854.6018185531623,1870.3513427289765,1839.6004960845685,1845.3201756950525,94686
2020-10-06,1837.8900587036485,1845.4327937748183,1829.7638720252965,1838.996802607222,159889
2020-10-07,1838.6829895058534,1853.2359213291118,1836.735868595988,1839.0192958480693,283905
2020-10-08,1862.6100137457945,1873.9126352226933,1845.7188142911366,1855.7745745261445,90786
2020-10-09,1837.5383555739093,1839.1008436663647,1826.9274455790423,1835.5150467365816,298811
2020-10-12,1847.5567839198525,1861.6834610122576,1846.1225250383334,1848.419361569903,203680
2020-10-13,1857.276854906968,1862.0727864538856,1849.3818942574514,1857.3756467871544,180511
2020-10-14,1839.4355954359312,1857.6737083891246,1838.4612056130932,1845.6182590014728,236483
2020-10-15,1856.344894596179,1868.4967487823346,1843.1765847818012,1852.8811076016348,263400
2020-10-16,1855.0814582556054,1860.7971831721004,1854.4853438248895,1856.2635999872339,293349
2020-10-19,1865.4380701792259,1872.8702541044024,1853.9465656433435,1863.1386133221656,309942
2020-10-20,1854.3278838070955,1858.3020851071853,1841.610708866605,1847.4069700063385,194595
2020-10-21,1863.0537867026082,1869.3348082645487,1855.737591153257,1858.9987350326696,232909
2020-10-22,1857.5378478876319,1860.9368290596271,1845.853131108179,1856.1765982194809,232383
2020-10-23,1860.5652242898548,1862.7078575955775,1848.9172901549912,1858.5441066944961,264710
2020-10-26,1847.4162295540502,1858.3745905692374,1837.042810852966,1846.7449060937602,273769
2020-10-27,1870.7863225272708,1880.4028857544106,1847.5025288614975,1861.9010381906148,91114
2020-10-28,1841.9312980869809,1864.221873098244,1835.4546459320006,1851.8962303096644,169496
2020-10-29,1855.8047369779629,1866.4209105228333,1850.8664032600143,1858.2056871063412,209821
2020-10-30,1847.7494695002035,1855.7585813371209,1842.249954039446,1852.038414194708,98138
2020-11-02,1876.052736028375,1876.6770805392973,1857.7447265603287,1873.8340829108904,125560
2020-11-03,1855.2525476229794,1862.311593232621,1850.6160904806452,1856.2366983967115,172876
2020-11-04,1873.51623852249,1882.7935593863772,1864.8635869819811,1872.9971836354252,173279
2020-11-05,1862.189793856728,1873.9444191655894,1844.1919025182992,1852.0950200528218,106323
2020-11-06,1854.6101338278231,1861.5409593365532,1837.4920084870046,1853.1561613385395,259564
2020-11-09,1871.4198820794622,1876.7034175188303,1859.0210368326464,1866.8880320934672,158745
2020-11-10,1851.562304389475,1854.6523251125834,1849.0538726850386,1853.6594083737943,142670
2020-11-11,1856.5093180583597,1866.12939731893,1854.573716124481,1860.0760273995668,249298
2020-11-12,1859.6124334244778,1873.2336712775575,1850.2043384273513,1864.9370231131486,301644
2020-11-13,1858.9570842580947,1870.4902767875567,1850.0454886484542,1851.4496948937865,154596
2020-11-16,1843.270740424343,1854.4901702707348,1842.49160079223,1849.0156550921947,264800
2020-11-17,1849.6327937296019,1852.3741438934503,1848.6018996414514,1852.071395588419,108135
2020-11-18,1874.8665515666376,1882.0416696504315,1854.1786745694194,1862.7062227624992,245409
2020-11-19,1858.055077307136,1859.6727300635764,1850.5760150750639,1856.0025055226665,240618
2020-11-20,1864.2343009221665,1875.8996641498204,1852.0551290170379,1863.9765543911426,143432
2020-11-23,1849.7145735830488,1864.895001640418,1840.3513198551784,1850.858532576532,254586
2020-11-24,1843.7553902187353,1854.4518524679404,1836.7483004105738,1849.7159398712151,200439
2020-11-25,1845.4508519953963,1845.8600482654615,1829.11078259415,1843.432291631232,265472
2020-11-26,1853.6903737986931,1854.260888231303,1842.524149485591,1848.2947759659146,204952
2020-11-27,1840.4695410956801,1852.5608523000437,1832.4281542988404,1845.0712212216974,313842
2020-11-30,1844.9968998426195,1848.68705388071,1838.070437065676,1847.482480724077,84659
2020-12-01,1848.9221596103787,1850.8481059316778,1840.2504195629724,1840.257708112858,124459
2020-12-02,1840.759970838133,1853.1639140227157,1835.259201432984,1842.6299392229494,311435
2020-12-03,1850.9094231166687,1860.7849714954957,1842.6571491893649,1846.942840522844,310108
2020-12-04,1869.242513919633,1873.8835430978456,1853.2060991401804,1857.1953752643421,229866
2020-12-07,1841.5122451203754,1860.019225997343,1839.99639571646,1845.941136925531,289619
2020-12-08,1842.912670837537,1850.4756506308531,1833.3562817060374,1843.2734542501871,245715
2020-12-09,1851.8599888556519,1868.413706034422,1848.0385187228312,1856.5585365327763,234881
2020-12-10,1848.5506555904794,1861.2899900712612,1848.491726396742,1860.2689010729418,238727
2020-12-11,1853.4473761552556,1861.4842466218493,1827.8890769089883,1846.5297802465004,267892
2020-12-14,1849.7139184623006,1861.4524202765601,1836.9201833474904,1846.5009115355995,230530
2020-12-15,1831.548107978699,1842.1951268523353,1827.1347948867103,1832.9634198175856,240150
2020-12-16,1837.450494483843,1842.7355591558241,1825.4506989027782,1835.035163570092,277051
2020-12-17,1845.0108576617172,1851.516171062196,1840.031960003218,1848.0398168431402,164630
2020-12-18,1848.2896170719218,1860.6324361259378,1841.5991081509796,1855.808213680727,278809
2020-12-21,1856.2567223378571,1859.9089570632468,1850.9820312126155,1859.5566184028053,151391
2020-12-22,1846.6227230254087,1851.376490692424,1839.1375871927992,1850.5364244913783,301341
2020-12-23,1831.923197196566,1846.6009576522376,1821.221253047766,1837.0830424785918,223506
2020-12-24,1850.8366237841033,1852.2144146320445,1834.3682229783085,1845.2289633972239,294409
2020-12-25,1824.688816120212,1836.6865425939336,1816.1066142926975,1829.0841016160086,260936
2020-12-28,1834.7004124123966,1841.452114665202,1834.3392133976356,1840.4008755032219,286381
2020-12-29,1830.7074869773744,1839.6713735232663,1829.1819755072756,1829.756412054078,91872
2020-12-30,1844.0112096225284,1861.8028710192164,1840.3998391840419,1841.5915063806829,272727
2020-12-31,1861.6845070601184,1863.0197247138747,1841.2363441258126,1852.947671208954,148498
2021-01-01,1859.6998100416197,1870.6049947453757,1855.2497254424072,1858.2592404163656,294912
2021-01-04,1837.0012926011723,1845.9919493497503,1836.8113488300776,1844.198936910178,319831
2021-01-05,1841.513233649977,1854.4915210243453,1835.4971050505258,1846.2231062855674,268245
2021-01-06,1835.5454379478406,1841.9195876901301,1821.510859019082,1830.6150559284033,310229
2021-01-07,1836.3573673618025,1848.5914630413022,1833.291060406033,1839.816973538489,167624
2021-01-08,1856.9812113313483,1857.701105411084,1854.470272451765,1854.4910383563895,210458
2021-01-11,1863.2473210703354,1881.109878217387,1850.1461265419136,1853.422571626841,250848
2021-01-12,1842.4280246736425,1855.1207598388164,1838.2005739996123,1850.1709583833053,316731
2021-01-13,1839.3019973547614,1855.4175772372744,1836.6589539097213,1847.2305796146425,228227
2021-01-14,1856.5915108940549,1860.1718782853525,1849.3254734070588,1857.6973680163358,124435
2021-01-15,1841.2454964374185,1845.1097328576252,1837.5061633927794,1841.4322206925874,264050
2021-01-18,1846.7375709138926,1853.5703591240767,1839.5260547412595,1842.1266113656802,204525
2021-01-19,1858.2161324424985,1870.9402735490335,1846.0837928646233,1866.8117028397885,118323
2021-01-20,1840.3565677315632,1844.7803634706702,1816.490131601963,1837.2404423118385,195113
2021-01-21,1846.7350164433471,1853.008339638808,1838.6801843864018,1848.0734003425257,84554
2021-01-22,1830.4244163324893,1839.5721507598232,1827.5402592981732,1839.346554385454,284713
2021-01-25,1851.3284785929143,1860.8422772688896,1849.4559363127612,1852.6902961964154,136585
2021-01-26,1839.4875377466192,1845.3193043249191,1832.2948222370685,1837.0065691685563,90232
2021-01-27,1845.9379848484718,1857.0029343777542,1835.6310835464371,1836.5985053555735,209521
2021-01-28,1837.779101856075,1843.5797279047567,1835.486201968342,1841.147888063668,191245
2021-01-29,1853.874152588811,1853.9266100683067,1847.7686457593034,1850.1984908168158,237176
2021-02-01,1828.3112569686803,1847.1636167897805,1820.49558773774,1835.3164999724213,189010
2021-02-02,1836.7255988589732,1838.8258329432713,1821.969595003871,1831.2078867327282,312140
2021-02-03,1843.5106913039544,1843.977538249285,1842.2292984786488,1843.073466212136,310870
2021-02-04,1850.0673078475,1859.053946607874,1838.9828719809448,1841.8340572266989,220447
2021-02-05,1840.2561427821026,1849.0330255104948,1835.1996779812732,1847.4038331560087,92875
2021-02-08,1835.2807340826396,1848.6467854474472,1834.5572837708407,1841.3362612565809,288489
2021-02-09,1830.027842116866,1849.1793409918203,1822.9515220227597,1839.0193823975164,154387
2021-02-10,1856.275233724507,1863.382863448865,1839.787231026902,1846.9348400729282,101944
2021-02-11,1842.9615723126726,1854.0134822093507,1840.9897315528176,1845.4643094085732,105238
2021-02-12,1838.4311134578243,1861.6865269410769,1835.4432483094556,1848.1155192343253,101293
2021-02-15,1837.0015384133787,1843.2457035300085,1828.116704327031,1840.984237034235,250074
2021-02-16,1827.9282280545192,1831.5069412391983,1811.6664983023925,1823.591118095805,316487
2021-02-17,1841.287854855238,1847.267399396931,1828.8076863111994,1837.9778748270494,127017
2021-02-18,1840.821078796491,1851.656755637775,1835.4353939219102,1838.611218601469,129662
2021-02-19,1830.6505484639224,1838.5625585944777,1824.8820439360952,1837.7191429008842,106133
2021-02-22,1842.000367270654,1844.577699830761,1840.2845508580635,1842.991974865667,100995
2021-02-23,1826.0685084635782,1851.5263494675294,1821.9802534804428,1836.575339130692,237961
2021-02-24,1840.0210449537783,1849.4746920736793,1834.6207735559008,1848.0908666606065,158566
2021-02-25,1839.1972996942507,1846.6775109232622,1835.058039748796,1836.1362477756156,252394
2021-02-26,1854.0952561122476,1871.2424153639913,1831.7400286637599,1849.442235645444,213225
2021-03-01,1831.3487892682424,1834.2111107914927,1824.0759150943004,1832.6490108172177,82370
2021-03-02,1814.2316208676561,1824.6013603190095,1813.5209349953952,1823.8377928286054,234710
2021-03-03,1830.3601627391627,1844.6855207435228,1819.1912795588712,1835.5059105132182,162608
2021-03-04,1864.1408695914376,1888.1790164135089,1863.4644751696253,1866.2823522526985,272535
2021-03-05,1848.6716763633415,1857.3764394468305,1832.9832591971017,1840.3370205543556,193353
2021-03-08,1838.0887950078334,1848.1909785018204,1832.3154113416576,1841.5804629720765,131817
2021-03-09,1836.2965056863088,1846.4115023404995,1833.8262620124237,1844.1416064801597,227785
2021-03-10,1833.1341875616472,1842.066450010929,1824.0169262524669,1839.492837730602,310425
2021-03-11,1839.0460433421829,1845.9911327868228,1832.842906366409,1843.7201594790652,133891
2021-03-12,1836.5752583044625,1841.415404559694,1826.7778415480375,1839.5477217094926,146848
2021-03-15,1852.7760325194718,1866.1585859378954,1845.5753599484437,1854.2410274567621,309191
2021-03-16,1858.4712880420118,1864.546103399469,1838.714946322194,1847.9552282083425,259667
2021-03-17,1840.0612124568472,1857.2201203741624,1830.3566419696633,1843.27573788827,198952
2021-03-18,1836.225519136415,1855.5652551403844,1836.0359350899096,1847.7249962888106,227524
2021-03-19,1850.9442541186852,1851.969203707688,1839.6277470923756,1845.6113468971141,181257
2021-03-22,1827.421964352708,1832.3665605638132,1821.9139021763872,1831.6376943496434,216641
2021-03-23,1843.7229019055076,1863.2927271719652,1839.4713311340884,1847.921096939808,83292
2021-03-24,1830.3241633832306,1833.9852141351832,1819.447323414471,1833.4580143381072,107224
2021-03-25,1845.1379329426318,1848.5172762748323,1839.239893053154,1843.5945356002574,178500
2021-03-26,1836.78620298475,1840.7901224120974,1836.1109572785397,1836.2113997461981,205229
2021-03-29,1845.0324870273548,1851.197840875378,1841.801049549592,1842.6795163976744,305529
2021-03-30,1844.9069426204196,1852.4875233674761,1827.8291092345094,1846.8433244567252,192142
2021-03-31,1839.9277777405405,1848.9021028144873,1833.8155888245212,1839.7427971964016,119321
2021-04-01,1825.5124612446791,1841.9499919594643,1824.530056262258,1831.3839564983414,265527
2021-04-02,1829.1770339549469,1842.0202555131698,1829.004191702528,1834.9609332718424,123197
2021-04-05,1838.5580577398375,1846.9060820600573,1829.4600324231615,1841.9485558460308,182994
2021-04-06,1830.8694717711867,1833.8982308098682,1821.798277838076,1833.4137485866888,120014
2021-04-07,1825.2879916266038,1846.8406331180906,1820.9889873328168,1834.511038959632,274395
2021-04-08,1827.8638832554057,1835.5537817670715,1826.1142860929872,1834.4472185919747,237620
2021-04-09,1839.6190502181373,1839.6519214698396,1830.9658348655544,1833.227537851174,161211
2021-04-12,1845.20192314893,1855.5718059732742,1835.9046453784335,1839.162705492643,89231
2021-04-13,1838.5952843721225,1844.252048822868,1826.4612082110882,1830.157278230683,267120
2021-04-14,1840.397390993407,1858.7561664091236,1831.8989365191505,1834.4449149696766,237145
2021-04-15,1834.1866996241251,1837.086632594998,1821.3204796543462,1829.6337050471716,96792
2021-04-16,1829.4600919726815,1836.9563070040426,1815.72144851956,1820.5026633087336,307469
2021-04-19,1845.0039131913427,1852.360144828379,1836.8490091398648,1841.7083726528047,133657
2021-04-20,1841.515674587512,1849.7323752112814,1833.490968962108,1843.398743287141,137152
2021-04-21,1828.0174372270885,1844.975994402095,1827.7453433250644,1829.6877329889085,184255
2021-04-22,1842.6506904643352,1845.8634076182304,1827.8318805265073,1841.030759185536,179476
2021-04-23,1838.0330715934372,1838.187867914474,1835.0039481922504,1835.8750620351218,243807
2021-04-26,1821.2543262155466,1829.0072547243847,1819.068480411246,1822.1154797823533,179658
2021-04-27,1837.840100193314,1853.734121327452,1831.8679515465453,1839.7315748860433,142951
2021-04-28,1812.8924450585248,1816.0326899266295,1807.0458135718554,1813.2160267020076,162358
2021-04-29,1824.9416667283756,1830.4163602869453,1822.6864416119229,1829.248102727425,184924
2021-04-30,1846.2138181597395,1848.2886603717266,1826.9406226107324,1834.370064563574,196446
2021-05-03,1824.005769799375,1824.724030561933,1819.754792580198,1821.3433466528772,213169
2021-05-04,1832.3723855912372,1844.6328494875986,1831.978320290486,1843.099413968672,95474
2021-05-05,1829.0566596947158,1837.5766180457692,1822.25146924153,1824.471727487154,158543
2021-05-06,1833.587789178705,1841.8871597478342,1824.357705669252,1838.0166482091965,130970
2021-05-07,1825.3213567801351,1832.5396090223492,1818.030211285942,1826.5397481423156,189233
2021-05-10,1830.9465069587063,1838.4490779440325,1827.7435384677879,1830.9240166357476,185543
2021-05-11,1826.8911172104665,1830.955332315819,1809.2799369510117,1822.1963304337576,220245
2021-05-12,1840.1561156028918,1840.8430777195615,1836.162027265517,1840.3735277065061,149521
2021-05-13,1826.718715815689,1831.781594476699,1820.1263763671598,1825.2158463023745,187116
2021-05-14,1829.4808036865786,1833.1773463389143,1826.7079141301265,1830.1813680138528,311002
2021-05-17,1839.90170301375,1846.7573211196725,1821.4956391965734,1827.5855037617798,294267
2021-05-18,1822.6809052228232,1828.4751718658415,1819.1182205675857,1822.8981508296915,227706
2021-05-19,1811.8279195828168,1823.792962498581,1808.419746834435,1816.5097859560524,176122
2021-05-20,1814.3487368176864,1834.8370284088317,1810.6345700702343,1821.2334795447518,209014
2021-05-21,1823.6867069112652,1842.7695645551448,1822.5255866359307,1823.6051316928695,288602
2021-05-24,1821.365129517529,1825.194686745667,1810.553117670683,1823.728974173522,316620
2021-05-25,1821.593065621755,1834.853675088106,1812.798442012626,1820.6293915733004,117516
2021-05-26,1817.2243509618133,1817.6048806939848,1814.2095105309606,1814.8994299336073,283988
2021-05-27,1815.816376767882,1835.2660262145773,1814.334865162605,1821.922876940468,277048
2021-05-28,1808.9001992999029,1812.1754284458436,1801.387044568643,1808.5111937917045,245240
2021-05-31,1812.5679411272768,1816.8933576080876,1808.217192482426,1816.3692992783583,190360
2021-06-01,1796.7438132417296,1804.5340589924288,1788.5985320989396,1800.3837665160495,240250
2021-06-02,1805.4078980476354,1811.58646231979,1798.1332180340953,1810.3777527919835,176836
2021-06-03,1811.5368795802517,1819.5743622292696,1804.921207851579,1812.7951227183537,114169
2021-06-04,1799.2343388511804,1805.1861635459366,1799.175210934367,1802.9539036981146,169982
2021-06-07,1802.9526969443182,1806.9282604323753,1797.1050974984205,1806.6183943371489,124140
2021-06-08,1822.4672799548678,1828.3560754619207,1822.2453236236083,1824.3422668704554,201922
2021-06-09,1813.5516328354922,1824.5271266319953,1808.3649605381074,1820.4067796724887,319721
2021-06-10,1832.6600542889728,1840.866423237959,1820.6471810631022,1825.6647953348045,311445
2021-06-11,1828.9372971410316,1831.2904243499715,1816.530947846533,1825.5799616222598,179032
2021-06-14,1819.6312240844456,1821.9412133039311,1817.3818458130254,1821.6307540864163,221882
2021-06-15,1823.538595336914,1831.59224064516,1815.5483612684002,1821.9500336969625,305765
2021-06-16,1812.9604041899843,1830.2401256033806,1812.0131580222705,1817.9075165959691,204257
2021-06-17,1828.5532148078987,1831.5338645536547,1818.5333730039742,1828.017935751969,113677
2021-06-18,1798.258543286666,1821.937737166157,1793.7751248317568,1806.2489776621462,130432
2021-06-21,1818.3434542522853,1819.0140437967966,1813.5959302544948,1818.6864483567992,153284
2021-06-22,1827.8462683685755,1828.2735862937639,1826.7483676691245,1827.2284365818286,153522
2021-06-23,1822.712126052599,1832.1466113742447,1814.623870034063,1824.666339685813,283168
2021-06-24,1822.0546622123968,1825.1031079969464,1815.277298264682,1818.2098782737019,240207
2021-06-25,1811.2323745000733,1817.288953935257,1810.4747868389068,1815.4974424502439,213856
2021-06-28,1825.0496382780832,1829.9567473853028,1819.60142409625,1824.394144166119,180898
2021-06-29,1820.248408844466,1829.6995034738297,1809.790244420833,1817.335010807605,144000
2021-06-30,1811.5702232548344,1813.5454708700654,1808.4133276837342,1808.829374459083,165738
2021-07-01,1828.4175837761763,1830.1334091622937,1821.046207819835,1828.5535307271207,193630
2021-07-02,1825.8769542831485,1827.568238998789,1805.0894663048464,1817.1519910260965,307311
2021-07-05,1824.2650275912724,1831.468465419978,1813.3849474581236,1820.1126041775594,170656
2021-07-06,1809.5418673664565,1814.1347044500715,1802.357193032698,1806.1425437846094,102109
2021-07-07,1794.3648383712818,1801.1836127264553,1790.154296311016,1798.1363230801353,167886
2021-07-08,1823.6610327791539,1829.272995098875,1817.342968394424,1823.2658502114832,125051
2021-07-09,1829.231031741016,1843.6284426750583,1826.8356028144517,1832.0846545306003,109610
2021-07-12,1811.3699628448956,1816.3958096790616,1791.896474250243,1800.7121631717448,119098
2021-07-13,1817.249585253152,1822.7315011200794,1809.5973408042,1815.2824448843319,222623
2021-07-14,1816.364202784947,1837.664058449592,1810.641675775018,1820.370520052472,279454
2021-07-15,1819.4502665924801,1829.8795218497526,1811.3572918968898,1814.9429261057496,114439
2021-07-16,1819.6443168439575,1831.7513028869837,1801.7019743648345,1813.8599973566597,84366
2021-07-19,1809.7437165935225,1813.2911312500862,1794.8249470760697,1812.7572087096025,274401
2021-07-20,1807.193333990874,1814.9221470492282,1802.0608269569066,1806.2884893613368,175665
2021-07-21,1836.0210012087298,1849.6358302069166,1819.2492864420642,1822.8603068673885,83089
2021-07-22,1820.2563183466802,1822.3479231935414,1813.5114660649458,1820.0343094717286,179207
2021-07-23,1817.3049554934905,1828.4137531103297,1811.5257143773736,1815.4428224998483,288073
2021-07-26,1809.2500042725349,1820.7391995340731,1792.3102429693447,1793.0256957942556,257512
2021-07-27,1824.3205749032427,1825.0325299495794,1813.1931005539946,1824.3598353649695,109717
2021-07-28,1803.4603075276696,1820.992494867889,1799.844437403167,1809.6580985184041,249745
2021-07-29,1809.542572606505,1820.14694401581,1806.4314070709736,1814.5188445876702,315531
2021-07-30,1824.5250199706163,1826.2389879927546,1820.2809435859824,1823.7931808580488,314717
2021-08-02,1821.4077468638363,1836.471820763962,1811.4529117476507,1817.3174295563813,147298
2021-08-03,1798.6607080803522,1813.1359701609765,1787.9291049068565,1803.2362443290676,276642
2021-08-04,1804.1810891735868,1818.4567664164113,1801.9496983271968,1814.9077049451755,234706
2021-08-05,1812.6893236897236,1820.179477806154,1802.083246581169,1809.709615719143,201274
2021-08-06,1797.8874504748637,1809.4233697374523,1774.2932469006612,1799.0091151907388,309981
2021-08-09,1800.5195128050455,1807.187922723634,1785.515105121613,1803.1522492871843,267573
2021-08-10,1782.3242174896557,1790.3820649561376,1778.766498335507,1786.9473849386945,131616
2021-08-11,1793.5454526999667,1813.698256224644,1781.333678555209,1787.7709616220604,221574
2021-08-12,1801.5495372831278,1803.2725828601226,1797.7235885692137,1802.4483757936218,143918
2021-08-13,1805.2916840311855,1813.3850022538288,1797.970370163044,1812.2288677512363,117250
2021-08-16,1787.9998145570326,1797.6794976907133,1778.435859901657,1793.2281995986625,224329
2021-08-17,1807.3797353512089,1828.7137192064304,1798.1348575835045,1809.7932881309434,175351
2021-08-18,1793.4305631094073,1815.7276763937061,1788.9039254180075,1801.0891411260511,218504
2021-08-19,1812.7584044956259,1822.3671710821498,1797.4462465321117,1815.5359210553604,82603
2021-08-20,1803.9935923430164,1809.868680889365,1793.951639293246,1798.0449861746056,166137
2021-08-23,1829.2441371156076,1833.490884159117,1812.7285455436217,1824.7821874050856,134503
2021-08-24,1807.2404104065192,1808.5434248272404,1801.4714398376948,1802.0454019400195,313412
2021-08-25,1802.031102026544,1804.6071057010224,1794.719466689942,1796.9460683623136,167362
2021-08-26,1801.7382870625156,1807.3599090251773,1790.5302505351574,1800.9729142407723,124583
2021-08-27,1787.4936618699326,1801.0680359635999,1783.2777145558498,1785.5944002932083,141874
2021-08-30,1790.4488088075325,1800.5083821417525,1781.0961938637438,1799.5510612986238,310444
2021-08-31,1797.9290315451728,1805.1667972677783,1792.1152170072933,1794.028571952464,83400
2021-09-01,1803.496383934158,1822.7628389295055,1797.409107552277,1800.2437850817573,249926
2021-09-02,1794.689392628814,1795.9900941036478,1782.6648943249572,1793.487602659345,103328
2021-09-03,1774.452081132203,1776.3809405034688,1769.5503001109685,1773.3089731089012,314448
2021-09-06,1768.6369737751406,1777.2733710876694,1764.0688448085025,1774.2244486864565,194628
2021-09-07,1787.9616417143527,1795.090653458255,1775.4984887648482,1790.4507664966693,282972
2021-09-08,1777.160246814828,1786.8457140914893,1776.1681784142843,1785.3538730804887,144232
2021-09-09,1799.4252949968045,1810.2173674865949,1795.8648595473599,1801.9793547489364,209180
2021-09-10,1784.4038125004333,1785.8092075189847,1779.8115650282937,1785.7640944549005,260676
2021-09-13,1793.8866793552947,1800.8377900656585,1775.5109147080354,1797.290867738091,233938
2021-09-14,1798.203221270467,1798.4559871309716,1787.2698015681972,1792.1969164171164,151151
2021-09-15,1800.4329887858953,1825.6464181700783,1799.4417610945477,1804.8398190440264,292129
2021-09-16,1792.2143600700294,1796.4725950992254,1787.3231969938251,1790.5240444701324,283509
2021-09-17,1793.815135534532,1799.5858151943519,1792.0454104283074,1792.7840028738583,82667
2021-09-20,1779.7410067580306,1787.789059504426,1769.390501030111,1780.683234204251,171898
2021-09-21,1794.3211643182137,1794.9725165903697,1784.5944816355227,1791.4448269661584,145418
2021-09-22,1794.0204063902986,1794.1416788857155,1785.596989931727,1792.0119973333499,278750
2021-09-23,1783.1104103611967,1788.6508765634358,1773.9663916606585,1785.1017809592345,185656
2021-09-24,1797.1441406408806,1801.9350807778333,1780.1256986715696,1790.3421325343277,150409
2021-09-27,1775.2324645941826,1776.3779476449267,1768.5029016602014,1775.9796174435535,245347
2021-09-28,1784.5117658917075,1787.1222635326703,1780.0398972336297,1781.3148868944252,199188
2021-09-29,1779.1751752060766,1788.6784349589498,1768.9696372077317,1784.5448891888527,227015
2021-09-30,1774.1533107583302,1785.5804509637067,1768.7751447178644,1778.8862338201677,260702
2021-10-01,1793.4956054765596,1799.513605810707,1782.47324043037,1792.6139409114378,300595
2021-10-04,1800.0558169877584,1803.2470781584516,1780.9730211840797,1788.0818987172615,270871
2021-10-05,1771.3244457797134,1783.6736108443833,1766.9275425607182,1777.8494590499522,163179
2021-10-06,1767.6851938044583,1787.1116397803212,1764.9477651604032,1773.8181216973285,269725
2021-10-07,1776.895526318886,1786.4951875365882,1762.897931934488,1780.8609244109139,174024
2021-10-08,1773.1284440005638,1775.8702215834646,1768.7122895975576,1775.392165351539,96757
2021-10-11,1777.3277396051149,1778.954606518886,1774.4043062630233,1776.9928142629515,125678
2021-10-12,1777.3327433739744,1784.0146076016397,1764.5578647403677,1771.990728798104,156980
2021-10-13,1786.0594556513827,1791.0431336657734,1785.7401695022286,1786.9272189983985,260868
2021-10-14,1785.3241394191025,1787.2881836051704,1770.382521564309,1782.2560054185344,248827
2021-10-15,1782.5750999518257,1790.3325679490301,1775.61468403633,1782.439238401292,283438
2021-10-18,1782.8149094346961,1792.433657159143,1775.5372239667086,1785.759473751345,314511
2021-10-19,1758.3019113127139,1763.3180559788984,1756.240719644702,1760.754217518804,89245
2021-10-20,1782.240071192668,1798.5817512622932,1768.9844319792785,1779.686655285473,89222
2021-10-21,1778.5526348857786,1785.1935676254477,1772.7924069996955,1777.5849300556574,231366
2021-10-22,1790.4240567897234,1790.4504707325555,1771.065588901913,1783.5277817881886,303097
2021-10-25,1782.0478330585852,1788.842729141943,1769.4657947273508,1780.977637374391,281773
2021-10-26,1780.2695685383067,1789.5382877558989,1775.5503149969516,1780.830551046136,103082
2021-10-27,1778.708833130905,1788.284543772675,1767.1549183606319,1784.5559191391155,138887
2021-10-28,1756.2848409882265,1762.9383588769551,1749.2553961112055,1760.1164578881774,196998
2021-10-29,1768.6342334894807,1772.5584236633315,1763.5330847264515,1766.690010675435,198240
2021-11-01,1786.469590197533,1790.562771414188,1779.8917517688765,1784.7633934300604,311982
2021-11-02,1794.1089911684714,1799.5763792467928,1780.372533461093,1785.482511091659,279472
2021-11-03,1764.980991756473,1772.3118988213428,1756.6327091130165,1768.0770297439078,242225
2021-11-04,1786.4552376726879,1790.1274422168813,1767.9317468228498,1783.014484415425,275955
2021-11-05,1782.7541934528952,1790.4270331019482,1782.4814311109628,1783.0323490180267,246385
2021-11-08,1754.767013807357,1768.955524044838,1747.821606524232,1765.2486455423584,281880
2021-11-09,1763.5033646151903,1782.231968912456,1750.595188063846,1769.3121638649761,212509
2021-11-10,1778.9101093973181,1779.6241696081959,1772.879779882538,1777.470224603967,231245
2021-11-11,1771.5856176079462,1779.2249924694545,1771.1310875553074,1773.3043354263668,292486
2021-11-12,1784.1092345746176,1788.9423398057534,1781.9788765790017,1787.4318183424673,296705
2021-11-15,1783.078357279622,1799.4181034263709,1776.0493528595912,1777.2671694083294,238882
2021-11-16,1778.1855803704193,1783.027578745232,1773.628174406377,1779.1933674595473,174882
2021-11-17,1768.3450529373204,1776.2435325945555,1764.125954654106,1766.7407384851167,136728
2021-11-18,1766.8411439014396,1776.9545327410021,1755.072674573955,1762.8076450169674,171340
2021-11-19,1765.8295050100762,1776.1219552863447,1751.139383580882,1768.0321513997683,219849
2021-11-22,1786.5657289581907,1787.7234902790537,1767.5519081196694,1783.0820632387645,106403
2021-11-23,1779.7146257495212,1786.5929192830376,1771.3015440309912,1784.7204341225051,113627
2021-11-24,1755.6940385739422,1768.1048483865823,1748.7094498196443,1762.1286965087604,309788
2021-11-25,1773.4907993535137,1776.580695534527,1758.7817394809451,1767.6691904442412,247717
2021-11-26,1756.3152962692338,1757.8564055185677,1748.965272288494,1749.5827385296761,137863
2021-11-29,1785.6568097660402,1786.8822786053963,1781.6722179155302,1781.757128190427,231449
2021-11-30,1755.7097195782405,1763.1756413996927,1749.9439344010534,1759.4266118726505,264243
2021-12-01,1774.8910960452292,1784.7945955060322,1773.7505844883729,1776.5129358180664,83359
2021-12-02,1774.4167307182724,1783.1952937090227,1772.5695038075964,1779.0996588929197,95055
2021-12-03,1752.707996340402,1757.827286809656,1749.2844071265135,1757.3464493891274,260669
2021-12-06,1761.708464589345,1763.9260585618558,1760.672198352102,1760.9110510747546,273852
2021-12-07,1770.793410748138,1785.3452717483972,1767.6002922262824,1773.0939437584623,270471
2021-12-08,1783.7526137984205,1794.5433990481556,1777.196607288417,1777.6927365223353,222441
2021-12-09,1753.5979689556723,1771.0036543274678,1739.565443041086,1761.4545649862428,187565
2021-12-10,1754.9278743357065,1758.9242873882652,1752.9900813489405,1757.4709882245959,127598
2021-12-13,1763.4712707404103,1780.3202833644198,1750.664572300034,1769.6126321152449,147520
2021-12-14,1772.0530340292037,1782.1368358167183,1770.314832153608,1778.6805248625044,91336
2021-12-15,1768.348275362396,1776.525623463083,1755.539499330488,1758.7321941283465,156103
2021-12-16,1767.8164730595097,1774.5095478811509,1759.5049373924835,1759.729833289892,249701
2021-12-17,1777.0102837520667,1778.4958962202995,1772.9547464118614,1774.7813840105025,259196
2021-12-20,1768.5487992049207,1777.8201054718666,1752.1730122278425,1765.7797971220339,130244
2021-12-21,1761.6507552227522,1767.9673862454238,1748.5053244477688,1758.5121742573494,275414
2021-12-22,1764.1366877000407,1768.8678556067398,1755.3034272523535,1763.875680470453,158353
2021-12-23,1751.560411017432,1776.2691323798522,1750.7324248589437,1767.5016647599602,256192
2021-12-24,1758.4517811828289,1770.7789645372075,1751.7872466237145,1769.9939706353518,108999
2021-12-27,1766.3703111330003,1766.5716077976174,1762.4222522834339,1763.4287464974304,288743
2021-12-28,1747.7892109939671,1763.1718583909897,1741.6318717732704,1760.8988464636877,149156
2021-12-29,1756.2318441348796,1760.2518827502256,1736.5864261432669,1749.0839769117035,116728
2021-12-30,1769.9617337675431,1790.786404059783,1761.6145113530688,1765.768206624151,173915
2021-12-31,1767.2736654937723,1768.6942467766391,1754.331397684729,1765.7096786641139,94639
2022-01-03,1762.3441030451272,1763.749692115872,1760.303697357294,1760.4693646434205,306400
2022-01-04,1760.7974205387784,1763.2204433278825,1755.3271050304186,1757.2475203593883,161752
2022-01-05,1753.6876252455975,1759.391733492419,1743.602857946967,1756.8142235381051,249336
2022-01-06,1771.9981386355255,1774.8592945825483,1761.778527288406,1762.6053797914476,123417
2022-01-07,1750.8167456495958,1755.6364769853992,1746.546552194919,1752.198423133731,242284
2022-01-10,1741.2271171854,1750.368376729696,1737.0001107382,1745.9653896143404,255802
2022-01-11,1770.0999300506328,1775.791221191643,1755.0124014337848,1760.6619103623118,279009
2022-01-12,1751.4057245637455,1754.1820676606726,1748.1226797309432,1750.7520236825458,116919
2022-01-13,1751.5357652359135,1757.8645641556811,1747.6247834894102,1749.8932075926677,236722
2022-01-14,1763.6160275583902,1770.9424192743704,1753.389653769751,1757.5264179029039,306690
2022-01-17,1763.3119815993412,1770.3721891520254,1744.6126509610601,1752.129474216755,167913
2022-01-18,1753.260505110422,1756.2364071938377,1752.7651170995532,1753.4955267030468,267690
2022-01-19,1745.072599058905,1746.9715515371622,1740.4070440823884,1744.5850258732862,133589
2022-01-20,1756.4556795535225,1772.9188230064533,1750.4932897753295,1763.6871046404374,103552
2022-01-21,1742.294364332986,1745.3382083316237,1736.4270912366135,1742.1985488718597,108609
2022-01-24,1770.9555427147861,1777.2491159587692,1752.758386112415,1762.3851330340171,252018
2022-01-25,1738.3132454809293,1746.7263355245045,1726.8119244428483,1742.2756250416573,108299
2022-01-26,1742.0505971250377,1754.767331119137,1741.6067895501478,1746.7522734624845,173752
2022-01-27,1740.9352772691711,1752.134814341157,1732.221553231777,1749.6832656531824,254229
2022-01-28,1753.0610662594888,1761.5028389675815,1749.670141086185,1759.7315835693812,182696
2022-01-31,1747.9886429073708,1756.68251463274,1745.5167086645451,1754.8315040186565,162454
2022-02-01,1748.3380315655813,1751.6640023722032,1747.4235701373154,1748.3295644868017,305305
2022-02-02,1747.4197362743723,1753.0485628217727,1742.1931721915707,1746.0183782062427,91068
2022-02-03,1752.3803730433283,1768.1965732644596,1748.5882222781458,1762.8780593492957,288303
2022-02-04,1756.460213650302,1764.1381118291927,1751.9092381768287,1754.3190099364674,239743
2022-02-07,1764.9036450158471,1774.1491699442076,1746.3906085119381,1758.275871572068,164737
2022-02-08,1758.9145502378547,1759.9062895221507,1754.2495907428267,1754.602303695509,131665
2022-02-09,1746.8873572170057,1752.9624540588811,1741.3836959337057,1750.8271270476994,309135
2022-02-10,1762.0953099294056,1767.263609047196,1755.2388645095516,1757.903766330651,168819
2022-02-11,1750.3151948723512,1760.5226370470882,1731.3640185728275,1752.987557998577,179921
2022-02-14,1752.4781085222544,1761.2275117381673,1745.6969992843963,1758.2894950323753,268789
2022-02-15,1742.201940687134,1757.7601678580907,1737.7976533413528,1749.489055851719,157977
2022-02-16,1728.465504917837,1742.6107713557442,1716.9365323681259,1736.1104091931475,121974
2022-02-17,1752.7398830381496,1759.2501564943225,1751.018967860459,1754.5293580367443,281257
2022-02-18,1752.832613787735,1756.5423696435555,1745.2241385079942,1749.8102172073004,157853
2022-02-21,1737.2253182819256,1754.1741800166392,1732.190158627128,1746.5172922103352,121349
2022-02-22,1713.606908615115,1727.3859865861236,1711.897500437147,1723.8689523135504,273793
2022-02-23,1748.5123162387927,1756.1524747747835,1738.2990448747244,1742.5833988679797,126210
2022-02-24,1747.267951213604,1758.395136674047,1739.1970206272606,1752.2332390193296,234632
2022-02-25,1756.7189416936617,1763.4439293858354,1740.6349061574865,1745.384381323408,132390
2022-02-28,1753.215655653181,1764.8653193704054,1739.5841967637218,1751.2732123049673,243155
2022-03-01,1747.2141948889353,1755.0402379635725,1741.7047839096629,1754.638623596647,97414
2022-03-02,1755.9759783887741,1763.8497808490229,1748.5921222400239,1751.2464758818348,187026
2022-03-03,1748.1188710745434,1751.0131568743852,1733.037383937488,1742.9439248813467,133349
2022-03-04,1747.0618244880543,1766.2592541506008,1738.3351592850795,1755.9578437431921,228728
2022-03-07,1755.7961946661244,1761.1452786608404,1742.3052168694542,1757.189960285426,246873
2022-03-08,1758.6962232407907,1759.5082217721235,1750.8671386982667,1751.6925280465937,300505
2022-03-09,1728.4365578006748,1739.9622456410182,1726.469386606117,1736.3139208312614,291781
2022-03-10,1742.6855477465656,1753.0513118607205,1739.225244256764,1740.563977441868,316686
2022-03-11,1757.8366640889933,1766.4655956189856,1743.367522536208,1756.1617682342426,303304
2022-03-14,1757.985686254727,1760.8182544088559,1738.9875645535326,1748.020776184524,117574
2022-03-15,1740.061252571837,1751.4217877989927,1717.7066877328407,1733.4157114845375,136194
2022-03-16,1746.830112813977,1751.66013123755,1739.2938587818687,1748.953416857727,119015
2022-03-17,1745.8198871522732,1765.3424180213638,1745.432008767683,1753.2898641391619,87130
2022-03-18,1754.997182188895,1763.305963454248,1750.046313983506,1756.8819993698733,161768
2022-03-21,1753.1210765183887,1759.7916769897538,1748.6044647042756,1752.706838402905,240219
2022-03-22,1751.5547627319293,1756.5899123315673,1746.3382134895562,1751.7548730038927,112404
2022-03-23,1740.4428545394824,1744.3197547640682,1739.62047083689,1742.7687531211561,120262
2022-03-24,1731.8703112942121,1739.3419629930072,1729.386571961021,1736.8260770344443,98165
2022-03-25,1752.3185214725163,1763.8515799768884,1739.7132592576313,1745.86412786101,99141
2022-03-28,1759.1667729434473,1776.9767515654696,1757.8225858103986,1761.2447694455068,115660
2022-03-29,1731.5758385298,1742.497780242822,1717.3791047774653,1735.4737492547874,273275
2022-03-30,1756.097033468772,1756.8581808092508,1752.0087417975558,1755.0791567412355,171902
2022-03-31,1737.232161003833,1742.4187115036723,1731.563972521166,1736.5976430857897,164397
2022-04-01,1737.3440874727692,1738.266697297744,1734.418241144121,1737.5074562245168,127681
2022-04-04,1754.9157894041741,1755.1433791564273,1731.461892742577,1748.8034075593241,210723
2022-04-05,1736.0719963632944,1745.0941699574444,1735.221391048912,1741.3597884909354,178549
2022-04-06,1746.6467871744717,1747.9834422660692,1742.0359693169476,1745.3574773251573,209732
2022-04-07,1741.5186378219205,1743.5221235535741,1733.9432068769474,1736.374423217098,229808
2022-04-08,1744.3602662877643,1749.355736268706,1743.2430826227853,1746.779397247584,292545
2022-04-11,1751.2616093917409,1761.4001266631342,1740.1130854160522,1750.5627709411644,84654
2022-04-12,1736.6659974283557,1736.7428023481616,1726.363027178901,1733.3792872694096,297404
2022-04-13,1750.7441921244224,1756.2725107503984,1744.2997916723002,1748.0892634078562,231736
2022-04-14,1747.0717124773987,1748.8383252053595,1746.4486997706827,1747.0213481751064,256141
2022-04-15,1742.722263551686,1750.546142759343,1726.8976885552868,1749.1305449260199,205140
2022-04-18,1720.9395146435813,1734.0795237145985,1713.2382049146647,1725.555354383831,172819
2022-04-19,1751.3072292475742,1755.082148389964,1748.25001790004,1751.2472353413596,103981
2022-04-20,1734.4061302165169,1737.9836289927944,1727.6389205572075,1735.9508805984099,266907
2022-04-21,1741.15643296996,1748.2820571280001,1735.403504344206,1742.755478601934,302988
2022-04-22,1737.010131660186,1743.5453861827405,1724.5184732081816,1739.762067082894,99707
2022-04-25,1726.4403511352994,1750.182916310422,1722.7643843280432,1735.3388671563803,305559
2022-04-26,1739.774476721448,1745.8327244644518,1729.7013077441336,1736.6590906038764,300719
2022-04-27,1731.0388266389953,1742.2645022104816,1729.6858432456736,1736.4516990233985,291837
2022-04-28,1751.4187100928425,1752.7181786666767,1730.9021647686577,1743.3360948579934,143024
2022-04-29,1760.620717110168,1765.278605802766,1745.274520823731,1746.300176182713,237578
2022-05-02,1742.7952094521418,1752.515721187591,1733.324316836216,1738.7406216957922,192368
2022-05-03,1749.8736295153267,1753.3419189029132,1744.0664673637991,1747.4630244612713,297079
2022-05-04,1739.661106321764,1749.1369861845328,1730.7008989004662,1742.9157272979032,302546
2022-05-05,1749.4589435539895,1758.5590336048185,1742.0972904176035,1754.5309336192834,165099
2022-05-06,1733.365328086041,1739.4132660601313,1731.0583882324008,1735.4460391455984,143598
2022-05-09,1753.3906837822403,1764.3208597968685,1740.2063717474855,1748.1726191790417,226097
2022-05-10,1748.118245704333,1755.360708429335,1747.4685436384077,1747.9292157913978,308817
2022-05-11,1741.3243106979198,1755.889250182395,1740.020087036612,1749.705124634095,233978
2022-05-12,1755.377473262882,1758.3082789882171,1743.261106829317,1751.2311108474228,316750
2022-05-13,1753.8589237277022,1760.7708164956657,1749.7040951671859,1756.445576366641,176263
2022-05-16,1757.1611896037434,1761.826762492382,1738.2886042313476,1752.898351906018,228285
2022-05-17,1752.9557704149784,1757.23893097142,1748.6570766481013,1752.9040945124473,231443
2022-05-18,1742.7493724035771,1746.802576489664,1737.9081628080842,1746.793709146144,126979
2022-05-19,1745.6479576416777,1751.9941581477933,1742.8206548282624,1748.004464633767,309214
2022-05-20,1747.7916624951763,1755.3578882194433,1739.4889064557972,1743.9940936861449,105590
2022-05-23,1756.6500879077948,1760.4162695003877,1754.6739156687472,1759.6020452244732,139977
2022-05-24,1764.0921494811373,1773.9597802953353,1753.6701275985815,1757.150750896781,296612
2022-05-25,1758.587891676388,1764.176729138957,1753.6104512354264,1762.6727112287917,310741
2022-05-26,1755.9831668121838,1756.0448009129261,1747.818372327645,1748.574522652638,138958
2022-05-27,1744.0789215786285,1755.7569375346552,1742.5087420422483,1750.9077016096837,285698
2022-05-30,1767.7749569560522,1780.5952533017387,1766.2698527257194,1773.4275613422858,91359
2022-05-31,1765.0271869628061,1766.97314792115,1757.5140996755256,1761.923750601951,284631
2022-06-01,1749.7985575680498,1754.617638678808,1736.1847038528933,1742.0855182290268,237458
2022-06-02,1757.1776690353513,1764.8535068874103,1746.7633697315316,1758.7130456361567,107774
2022-06-03,1759.1476869363214,1760.9264439906271,1752.570498560073,1755.0525050476695,140917
2022-06-06,1746.1719033594688,1752.404954680906,1743.064473265696,1750.953506514213,294603
2022-06-07,1747.4572093737704,1753.4880544074376,1743.7857518963535,1752.6640100602917,120445
2022-06-08,1747.3573394585144,1749.8020131249584,1745.0303770910618,1747.2409041132428,212306
2022-06-09,1759.9519254263114,1770.1325950182188,1742.6481778211362,1748.9096035045968,89754
2022-06-10,1749.116041832795,1756.3104330745991,1736.6986481946228,1750.5200984434148,211188
2022-06-13,1738.8423861172223,1756.0721023145402,1734.3967078368682,1747.101592096333,236161
2022-06-14,1740.0345037576874,1756.9045122893572,1736.6077609490721,1752.8118885020538,193348
2022-06-15,1749.4832209082567,1751.0083120254221,1747.5745230761067,1749.9526308616216,164853
2022-06-16,1765.3850116128149,1774.9396978951265,1752.3542022286852,1762.2815642120372,100421
2022-06-17,1762.9485139015007,1770.2699300061681,1754.165740257946,1764.9052380478627,113408
2022-06-20,1757.7745221764942,1763.4214698835794,1743.4201402821784,1756.9996013184666,151109
2022-06-21,1753.108377093558,1762.7752703626732,1733.947308415627,1757.2338741684991,246589
2022-06-22,1771.729425169789,1779.5852860601437,1758.5775280577884,1765.2919556266995,101090
2022-06-23,1763.8475828457936,1769.8331834098533,1760.2321733661697,1761.3765626606166,277247
2022-06-24,1771.2996817682385,1784.128881137623,1761.8537740837928,1778.7497086512653,265709
2022-06-27,1738.483524941978,1747.5989339185626,1734.3505493096532,1741.806717198094,293668
2022-06-28,1750.8156789536818,1752.5415383206805,1740.6951928659319,1744.721433048983,270813
2022-06-29,1754.3875637680387,1761.1394594323958,1749.9971977452506,1754.7393796129231,99586
2022-06-30,1755.9644177168693,1780.5665010632963,1753.521003940125,1768.4785623881025,196555
2022-07-01,1769.4675655252008,1777.445362098323,1759.868518660963,1771.7468240053115,188317
2022-07-04,1758.4865532681006,1766.635073651152,1757.5195474017414,1761.3390230737962,99293
2022-07-05,1751.5778276697274,1774.574238204043,1748.0350184800811,1765.980585884674,238451
2022-07-06,1765.5345719208642,1769.6208432761584,1760.2890151735198,1763.3952999098804,183308
2022-07-07,1776.4305148254987,1777.2234170216443,1756.4895134564852,1769.443749909553,228250
2022-07-08,1778.8615509278352,1785.2857108709734,1773.1801961925937,1782.0388698526576,247126
2022-07-11,1744.5555382003581,1756.8617940627394,1736.359898273893,1749.4838270820544,110258
2022-07-12,1784.7195284404834,1789.1823036874725,1783.1633684414144,1786.2319693843815,209860
2022-07-13,1776.1148490137389,1784.4999274912482,1774.6393278794544,1778.9570837089852,92771
2022-07-14,1769.654342797935,1772.413035483028,1767.9150899063989,1770.4319929302214,265870
2022-07-15,1779.6749716516733,1779.7813958474987,1774.6399442909317,1777.3367394682227,124085
2022-07-18,1764.277548772711,1782.512011606799,1745.2440561083915,1772.9790542495348,177726
2022-07-19,1774.3827447916487,1783.5056153503683,1768.2864921053754,1776.566499547116,267818
2022-07-20,1786.9124673212445,1790.1264466324008,1775.3457000075707,1777.4012186426457,292637
2022-07-21,1780.2033046937108,1787.8280929506222,1779.220271363225,1781.372298990263,213849
2022-07-22,1769.656800692018,1773.5421658965754,1761.3076194637076,1769.5408763478288,151978
2022-07-25,1782.726600387533,1787.5692383353362,1776.0713184030303,1781.3968211331555,154695
2022-07-26,1768.0794632205714,1777.136224991445,1763.788930400325,1772.870289894025,188304
2022-07-27,1769.7293642039085,1791.6729084986687,1767.7980750571433,1777.5524926900566,248137
2022-07-28,1801.326116729986,1802.9966381204697,1788.2497720572171,1789.7265085504205,174704
2022-07-29,1780.2309993466722,1784.9853894467376,1770.9566519516106,1780.5789898171975,245855
2022-08-01,1781.1584967697436,1789.5528815262855,1770.5663312956945,1787.0136155353016,107968
2022-08-02,1790.0593475396563,1792.4261538051046,1779.7941906494952,1785.8863394597286,220270
2022-08-03,1781.0745834253119,1786.072980371842,1765.3029968384228,1783.699591184438,84905
2022-08-04,1766.9343194502699,1777.4447775229678,1758.9351746981804,1772.3200016875405,108724
2022-08-05,1782.068287503476,1797.9462735461286,1780.2108790957695,1785.2898880228763,196226
2022-08-08,1774.619060304077,1792.5127773789984,1771.3423335092712,1782.2996312028442,128091
2022-08-09,1791.433251525811,1797.9108413189167,1784.6395588081457,1797.3694057049586,227489
2022-08-10,1775.8221371696627,1776.0074086474376,1768.2987376197134,1771.6083639530648,197151
2022-08-11,1789.4562836683524,1798.9492146197533,1785.240707326802,1789.3774109573856,245083
2022-08-12,1777.0418538660253,1786.194493994452,1766.089481745916,1778.995585318637,205466
2022-08-15,1786.7362072689218,1798.8509412189258,1762.7526332567427,1780.3668271265174,307768
2022-08-16,1801.5341283875482,1810.95642488901,1795.8085900886113,1798.277237704409,101958
2022-08-17,1782.6704434564817,1791.8213079069253,1780.3436585910317,1785.3178478241553,181232
2022-08-18,1783.1376474212157,1793.9842585148583,1782.1298545515992,1791.5100962440602,126405
2022-08-19,1782.948510615212,1792.4209541890953,1780.696418282331,1786.3310429171888,225536
2022-08-22,1783.3034633137822,1789.069513355202,1761.3018366198144,1777.1013818650101,289816
2022-08-23,1776.4801101936669,1782.645259293739,1774.0655384876086,1781.9384882537363,209567
2022-08-24,1791.811801132228,1794.8204290573726,1778.516838876286,1780.9339836652669,175792
2022-08-25,1781.3565056358352,1788.6386713887027,1768.4151672211178,1783.0201988742501,236920
2022-08-26,1794.2316228137772,1805.1219584046878,1787.5287922154578,1802.0290876413248,303157
2022-08-29,1790.8915538383271,1795.0363626176468,1786.6455067710565,1793.829778113884,120762
2022-08-30,1784.3330285807594,1786.3516091133972,1773.9402209818618,1777.2442807165917,176530
2022-08-31,1802.627319606917,1813.7933546999416,1797.899560158707,1806.4758938374791,195158
2022-09-01,1796.6743305786968,1807.9447755294455,1785.892518242346,1794.7980578381207,249029
2022-09-02,1802.9133265225976,1808.557156005111,1794.8950521707116,1799.4777886110753,108602
2022-09-05,1802.5339259659468,1811.3253864045632,1795.5105942948064,1806.0400620120447,137898
2022-09-06,1791.6814564720373,1792.4731480946052,1784.3201609915652,1786.5908000281852,302503
2022-09-07,1804.1515313468337,1809.3435171314368,1783.0466215812114,1797.0768174872348,276593
2022-09-08,1797.2284223319587,1797.6871396882734,1793.1832367320799,1793.5046188225779,154767
2022-09-09,1783.7582155085186,1801.4238331955435,1777.255545295338,1793.6641074810852,247895
2022-09-12,1797.3467810466525,1798.2677615877458,1794.432836896474,1796.2059983986824,254518
2022-09-13,1805.5352492585084,1814.1346302901247,1793.5236820901168,1802.0871951154645,180400
2022-09-14,1815.2918519335747,1815.474432715038,1809.5908718007108,1810.9597722686017,166680
2022-09-15,1816.110270461067,1828.971112955623,1790.0298257102506,1806.7561829276103,290587
2022-09-16,1802.4992084728278,1802.8133213163044,1798.846531588788,1801.3684484654036,266642
2022-09-19,1808.6883279138572,1810.9231169634704,1803.6414609511612,1808.872903616404,168703
2022-09-20,1768.2710580302173,1784.1023327213663,1763.1738121383885,1779.5372735024637,270633
2022-09-21,1790.269524978096,1798.0252615069132,1788.5131896453313,1796.9511479663179,143446
2022-09-22,1805.2245086473715,1814.1766112720866,1792.6005687155375,1799.6281639105334,307076
2022-09-23,1792.0705411250922,1801.894297799285,1788.1931775241726,1798.6564312712976,305069
2022-09-26,1807.1282622512065,1816.5768537905556,1794.920373654392,1808.8572324373763,121636
2022-09-27,1792.2943413397493,1810.7685006233603,1780.9666982799442,1801.7680465843089,107401
2022-09-28,1809.6422790013653,1816.2470555493483,1795.1701865100968,1811.6537126392425,315405
2022-09-29,1793.1799227081071,1804.272792475598,1790.6099812490609,1800.1786421795114,313739
2022-09-30,1807.8405589986019,1816.351406447259,1799.069386528936,1805.7836125947317,162270
2022-10-03,1800.994427424571,1803.3519753695382,1797.318213276171,1801.87738900323,280719
2022-10-04,1800.1194994883836,1800.607223513676,1791.828511234535,1798.7306273022425,153315
2022-10-05,1795.383780180097,1811.02489242353,1787.7611778342061,1804.1080370686898,219046
2022-10-06,1801.2854908802133,1808.6044024597463,1793.1742086727788,1802.8639416979092,102562
2022-10-07,1797.618198676177,1814.134597795913,1784.7687540996005,1793.5786403312209,112769
2022-10-10,1789.3863107139357,1811.767317589365,1784.7302244745365,1806.935609185363,115462
2022-10-11,1792.573396680279,1808.9772726346198,1776.959679810923,1796.3599389381282,96314
2022-10-12,1798.7757142597259,1800.5147526363528,1792.635083076959,1799.8078968686843,97070
2022-10-13,1782.2390829949948,1789.3169723048377,1777.787864191353,1778.4115497517723,230336
2022-10-14,1803.2897735860504,1811.2452319321264,1788.5483723231318,1800.6045238939341,261819
2022-10-17,1788.997111002074,1796.452089597762,1784.696166486561,1786.1819706635279,240233
2022-10-18,1809.1725252526949,1810.8209725384131,1807.2385341645706,1807.8775053130955,191003
2022-10-19,1799.8685572718286,1800.0761954662757,1787.003453979124,1796.2004275884835,260905
2022-10-20,1798.3426268740225,1808.837142552641,1788.534608838013,1799.6932639075596,251966
2022-10-21,1799.512657470982,1804.0190013197214,1792.4781453365695,1800.6235481305227,160968
2022-10-24,1787.1014479017929,1812.407996460691,1773.6155808468693,1793.8629960112482,219601
2022-10-25,1803.2544913012418,1811.1920731405664,1800.8177102986388,1804.8732168674146,149324
2022-10-26,1794.6789982864664,1802.9146830729005,1774.3768589883377,1796.5387467042344,231891
2022-10-27,1811.2966675806695,1820.6052103144677,1803.1491053202817,1803.4683264090716,109619
2022-10-28,1804.6406684477374,1814.5695611246874,1798.3982670130176,1811.1466748155476,88993
2022-10-31,1815.3562605733023,1828.509859289051,1812.5942379485853,1814.4138769329572,272947
2022-11-01,1813.3252354773924,1817.163401216355,1802.22866917934,1815.3498227485463,254678
2022-11-02,1803.64895443415,1816.6380698788646,1800.198597880819,1803.834496047136,278725
2022-11-03,1801.9284079933889,1807.692950921984,1787.356384309516,1796.589820305881,219084
2022-11-04,1808.1260232809898,1817.7448266668932,1805.674650489736,1808.9069941324947,260858
2022-11-07,1811.4329033494005,1820.0618528016507,1805.049038136085,1816.8531794857133,121552
2022-11-08,1798.6733520371074,1806.082578726891,1791.0670998165597,1798.5199880938935,310228
2022-11-09,1822.0542177619222,1834.6041153435365,1808.7572071118475,1817.2026643386246,185517
2022-11-10,1806.4852254090022,1807.4222691065452,1804.7612387366942,1805.1456019348363,175836
2022-11-11,1791.7030053380831,1794.858988389617,1779.1733067529528,1788.3221060407882,212442
2022-11-14,1802.8131579628232,1811.238719438439,1801.7570925648988,1810.5222279487998,193552
2022-11-15,1831.6257448113442,1834.6072099167177,1824.3628455353535,1826.895986463986,273556
2022-11-16,1813.6300085562898,1825.4314842800989,1803.4842544747175,1816.5837945358755,105336
2022-11-17,1812.919091712133,1822.7412621750505,1811.655530801484,1819.7831627752662,240043
2022-11-18,1816.530919988353,1818.8175162182026,1811.623246383908,1815.117291570331,254157
2022-11-21,1791.1745822146358,1799.255188815732,1784.391791921656,1799.1594502391863,184838
2022-11-22,1795.0712458873243,1801.7496850167836,1789.7742462748931,1793.9023229733157,134504
2022-11-23,1812.0848329678654,1814.7073251321476,1797.5731154880168,1803.8395308778659,203309
2022-11-24,1802.8447478390285,1812.7996144374542,1800.2319238751866,1806.1250101247663,135549
2022-11-25,1795.9686238524464,1806.5164086005627,1795.2644371998495,1801.012397296753,255624
2022-11-28,1807.778758319385,1814.1011871174144,1799.972093104333,1802.0825172538614,277322
2022-11-29,1818.3068655336704,1824.2518717794915,1809.335341137183,1815.056475795157,262992
2022-11-30,1826.5441816761586,1828.56359470267,1816.422797869505,1822.1181435485353,118168
2022-12-01,1789.5356786789184,1802.6077893159447,1782.5662937838379,1800.0716847891038,212433
2022-12-02,1801.4918075992764,1809.1663795528395,1794.8054239240132,1806.2967775034392,284166
2022-12-05,1825.6133307588395,1835.1670993587695,1803.3197585684197,1815.8353733759338,80447
2022-12-06,1811.598462498774,1819.776813315635,1811.4982828204804,1816.33098051429,262083
2022-12-07,1797.8037006958355,1819.3585261358821,1792.739734616877,1800.5244512450035,188893
2022-12-08,1844.6497241907966,1851.60288094149,1840.1811142401652,1844.2517875363567,286881
2022-12-09,1827.5149741694813,1836.6831120164134,1817.408354006022,1826.6024642455523,213370
2022-12-12,1822.7184256780592,1826.0432180884293,1816.6785376456405,1824.0170931057678,278102
2022-12-13,1792.285578648216,1811.5657254467685,1785.0120992263896,1806.6593346630043,254601
2022-12-14,1829.9205394401513,1830.4272086716912,1823.7183586950591,1827.2200991538552,220352
2022-12-15,1810.3521783903248,1829.4784836418648,1802.8840376169107,1816.9376825158138,222474
2022-12-16,1837.9403353759963,1853.4362918857405,1829.3646381908218,1832.9726166960354,92440
2022-12-19,1836.8088993539554,1836.835895308878,1820.839067742296,1830.274122695175,103102
2022-12-20,1822.8684802878354,1831.277160038028,1816.5591091058461,1829.1512688992184,243206
2022-12-21,1833.8114682077364,1839.7648142319413,1831.9081223219246,1833.3377831551138,100979
2022-12-22,1835.0491780711914,1839.0928142971293,1815.1239560730946,1826.4174383118561,314557
2022-12-23,1840.5743394991566,1842.364456048703,1826.0036662129473,1831.4410518996503,317994
2022-12-26,1814.0774956891669,1824.1141559694054,1792.7782091423617,1809.099608844493,114336
2022-12-27,1829.2784129230497,1834.8420681813504,1825.468622446996,1832.312688461366,180010
2022-12-28,1827.13448328305,1832.3087596103337,1823.1113305205854,1825.0717240954114,314676
2022-12-29,1844.9093368551291,1853.7225423670534,1843.505389366804,1850.318175215126,304180
2022-12-30,1839.7272269184684,1842.6382153031334,1825.4384260568997,1831.6663678252744,134085
2023-01-02,1812.8604555701704,1825.112233089685,1803.5471742783247,1811.1011045376922,133974
2023-01-03,1850.7995305361633,1859.0392026495495,1835.5987027054966,1843.2662772107417,152672
2023-01-04,1811.3886057644856,1834.3799485828154,1809.8295894425985,1825.295917646203,129854
2023-01-05,1819.6657639969105,1826.3133963996363,1812.1821214943905,1822.9126397024581,266945
2023-01-06,1828.625145839095,1839.7712187361335,1824.689840812042,1831.6775706400474,163465
2023-01-09,1838.996390446938,1841.8042984823787,1831.9566736093293,1841.407502459419,128358
2023-01-10,1839.5674952948682,1852.0981875207328,1832.7434987706233,1846.6749902105712,102585
2023-01-11,1831.6959512954077,1836.0067007250284,1823.6482034383728,1829.3800491907386,171469
2023-01-12,1830.2011244785836,1835.6532708676712,1826.4461487065792,1835.2060942155358,131541
2023-01-13,1847.3898849310224,1847.4756801709334,1829.8719144134245,1837.3471809741486,231444
2023-01-16,1827.3413499510684,1839.2589671251212,1823.5865507186631,1829.5947938721408,173207
2023-01-17,1829.8519750206838,1846.2131063007118,1815.553564900672,1832.6351607765985,309875
2023-01-18,1832.1064756563092,1839.456917925038,1830.8856679754706,1836.2340307781021,211611
2023-01-19,1840.7569616710184,1844.8072827768885,1833.9207818026312,1837.7395104690097,305984
2023-01-20,1850.5440879015339,1855.7320910953836,1846.6734884045627,1848.8842454094406,311292
2023-01-23,1819.795165043934,1839.900557554938,1819.4491106569963,1825.264935235324,255186
2023-01-24,1828.6574602223434,1851.6749882117294,1819.943938193651,1845.5389606151905,132003
2023-01-25,1843.9253100010621,1854.9458715893988,1843.1878737651114,1846.1066354783156,151055
2023-01-26,1850.6573668463323,1857.5171902538902,1845.9880109839173,1855.5409177896324,276476
2023-01-27,1842.7892032326004,1847.2777384723047,1836.669438847116,1842.9871132336484,154424
2023-01-30,1840.18807324745,1847.560107501342,1832.0563403153374,1845.2565247552216,216930
2023-01-31,1851.8221707426833,1858.4514746629718,1848.6656638375648,1850.3615662442476,168940
2023-02-01,1838.5153228368558,1847.3453440411397,1834.8775245142283,1845.0749258529186,155313
2023-02-02,1849.6142465461412,1853.836338057665,1848.1121440908853,1848.4007071406168,295627
2023-02-03,1846.9027079704772,1849.5185438176109,1842.204485734446,1848.413385194476,278453
2023-02-06,1854.615081037442,1858.2998205891993,1839.4702241258767,1849.526810760045,249045
2023-02-07,1845.3620744647708,1852.61638067117,1837.1810106278303,1846.3536527512424,99061
2023-02-08,1851.0167187485788,1851.3507620618611,1838.734541453573,1847.7346580623976,158451
2023-02-09,1844.1793977517643,1854.417416319722,1840.0506239598465,1846.0361629404035,318158
2023-02-10,1845.7846294126018,1856.7043759766868,1843.852317593924,1847.1214813147228,290688
2023-02-13,1839.5466046742085,1849.8744691784652,1835.3366901484292,1843.5458415167,284356
2023-02-14,1855.175178773809,1863.6713850357457,1846.1755313077708,1862.601781462164,258087
2023-02-15,1859.8900189648593,1860.0267445272661,1852.952905747709,1859.0592096686219,144851
2023-02-16,1857.657448735042,1872.1790135799224,1845.3664881878442,1857.9880448246977,312799
2023-02-17,1860.0459030217041,1866.6723231240233,1846.7542879775299,1851.5248669618154,93590
2023-02-20,1868.4262229042918,1877.9616179497846,1860.7973503183146,1866.0225783156866,96427
2023-02-21,1869.8404362860608,1874.2992085310423,1855.1864163947598,1859.6852884859538,186217
2023-02-22,1871.8020716078008,1872.4194240980107,1847.2632728299498,1861.1574164073813,171447
2023-02-23,1863.6963944345096,1865.359076984704,1855.055308817311,1862.3431105465324,109794
2023-02-24,1857.2690401156926,1870.2821699333097,1843.9304125080823,1863.057777272642,131950
2023-02-27,1869.661622400518,1879.707211319475,1863.8932434848969,1871.03866721421,117260
2023-02-28,1862.906377283159,1874.0200953355975,1855.037700757447,1857.3397144055743,204934
2023-03-01,1858.9406060674971,1863.4479990426776,1857.6757096386518,1859.336207231197,252844
2023-03-02,1869.9537192007701,1872.6894043750117,1861.5368024740887,1863.908800845849,86543
2023-03-03,1860.5294265452185,1870.2371808070843,1856.1389810592318,1862.6324949010093,224171
2023-03-06,1869.3906952807508,1871.7874518551155,1862.36068918426,1868.8975345748806,238320
2023-03-07,1877.936322357147,1884.2619733824404,1862.9349101802375,1872.7862445691942,305837
2023-03-08,1880.4148017998373,1881.02503406928,1872.8441436427486,1876.7411433666437,177328
2023-03-09,1874.0221568225365,1880.7115942460862,1865.5171833976815,1872.1758601129843,113960
2023-03-10,1864.5408946285288,1873.0665173284583,1856.9587300978744,1863.1588757562058,117936
2023-03-13,1868.0767547557332,1877.72476559695,1850.0804478935506,1864.868947338255,182839
2023-03-14,1864.5994361360063,1870.7245069310961,1854.7054053873171,1865.0592600590458,285117
2023-03-15,1884.1212598255174,1894.2741827116724,1877.1082760504319,1878.5146261566608,101277
2023-03-16,1862.8293570331516,1875.708829153554,1861.161644440352,1866.0833674781798,213591
2023-03-17,1879.9277783049863,1885.6750414170979,1854.4437954116438,1863.0624872214157,162616
2023-03-20,1864.4713808505842,1874.310073168678,1853.6282065250948,1863.1684060535051,162484
2023-03-21,1874.4112333853152,1885.8349761290824,1871.2774434487676,1879.0877978159026,260651
2023-03-22,1858.319228034497,1868.1085461568591,1856.7060605205695,1867.3386577379729,273834
2023-03-23,1847.9538633101522,1863.7039482709113,1843.369175649181,1852.9608524589264,216731
2023-03-24,1883.3663977099893,1883.6601715246982,1869.4757043714305,1881.131708082401,170462
2023-03-27,1875.6024994046534,1880.5432484711162,1865.7492272111103,1878.3467391866423,198413
2023-03-28,1892.4715423772209,1897.4565786371898,1878.7114193919867,1885.9258174563033,173708
2023-03-29,1886.1123332511056,1900.9145739324888,1884.0829660347533,1888.084025610064,260680
2023-03-30,1877.6930134480413,1891.8672762297992,1876.6272151925996,1883.6000003681738,261168
2023-03-31,1881.0836962900207,1889.9993871791883,1877.2087900683139,1882.8915128372334,180472
2023-04-03,1879.4903552717208,1890.6763269614783,1863.5550610421858,1882.5777720478363,148665
2023-04-04,1874.698953337617,1879.8807626318123,1867.632223015113,1875.8409064535658,140714
2023-04-05,1856.471823449766,1865.8199042275207,1845.5204546107361,1862.928207749868,207288
2023-04-06,1865.7314739130143,1868.8305755173465,1859.215062431686,1866.5738486621015,189698
2023-04-07,1875.6369274836006,1888.1740699647821,1873.9964915438943,1886.330039884724,260330
2023-04-10,1890.5324424165867,1903.6913473253962,1885.1331917307386,1889.8187434283734,221838
2023-04-11,1884.3684556153514,1892.652138750422,1882.6159698309957,1885.182684238066,245241
2023-04-12,1877.4192674025282,1887.7662415171862,1872.2280211480836,1878.3552479498055,187559
2023-04-13,1884.1702269580921,1889.2287897404742,1869.718638458642,1888.8327674186758,177069
2023-04-14,1884.949035183178,1897.010512082386,1882.041394562788,1885.321540834779,182381
2023-04-17,1886.720340265205,1890.8542679216393,1876.1068968755199,1885.6512642136638,262589
2023-04-18,1874.0832847596782,1889.9968067858783,1866.9669846726686,1883.9704899282033,111761
2023-04-19,1883.6249719645616,1886.6151546962979,1871.6332023195762,1878.1755434074375,298042
2023-04-20,1880.2294577980097,1883.80722610786,1880.1815479637526,1881.1435302621344,319670
2023-04-21,1895.7739747066228,1913.1906485974712,1890.0864231507858,1893.069141013662,307500
2023-04-24,1909.8374845200187,1914.3616664402368,1889.1176037957616,1901.1911859631036,86211
2023-04-25,1896.6652410234235,1918.6987863480465,1889.94586321821,1903.7636503286406,171709
2023-04-26,1882.6391216151965,1891.3990445010622,1881.65953361264,1888.3104948998332,310748
2023-04-27,1889.5978801251206,1899.9468593003535,1889.4951620602099,1895.0950027126223,210899
2023-04-28,1891.7991494435582,1893.65125173867,1890.2582718005513,1891.5882105727865,230328
2023-05-01,1890.1364463130014,1901.466595115973,1888.1835460496948,1895.8782573183612,122999
2023-05-02,1893.2910488502787,1901.9868187978689,1886.167990648309,1898.2572378946118,311468
2023-05-03,1910.3094004071656,1915.5820659108986,1898.8552140741492,1900.3786890097463,135441
2023-05-04,1882.8688416421685,1887.3930356731264,1880.5542721939346,1884.2857298108574,255720
2023-05-05,1911.1933913371636,1917.5382628713196,1907.6166249480782,1908.8427059958922,141829
2023-05-08,1899.6693421655305,1900.103462709141,1892.1693497129263,1893.9330007432009,197257
2023-05-09,1895.4929648100488,1896.0481130960425,1886.6355411122106,1887.2044576420162,287784
2023-05-10,1907.7646768204509,1925.0742495199684,1898.062225340029,1915.9663215353823,160594
2023-05-11,1893.0517895179755,1897.9860905515498,1885.3604828693096,1890.815668167522,108252
2023-05-12,1903.9904897428394,1909.04621235317,1890.5231928901378,1899.569193898697,129960
2023-05-15,1901.2250820447973,1910.699778831355,1890.5588915608168,1894.8363297078636,295289
2023-05-16,1905.288266346612,1917.7635100972454,1903.4605981703417,1909.0706624037614,124885
2023-05-17,1875.336998070794,1878.3366652660775,1867.1395683781418,1877.7112762587758,158879
2023-05-18,1903.255456329531,1904.3999778846671,1901.9684157769937,1902.1209037291605,277186
2023-05-19,1888.0606542648015,1894.4397281972135,1884.7259309578567,1887.7304104249606,81988
2023-05-22,1910.776723213983,1918.5468322203208,1909.6265616304584,1912.5793006526633,276164
2023-05-23,1912.4098986053466,1918.5961654958107,1905.451391568062,1915.872523554019,82983
2023-05-24,1904.7678775735046,1912.7193033702004,1897.3584643682218,1905.4130309781995,164556
2023-05-25,1890.747723191571,1901.2550870584291,1889.9264870673348,1892.3123565656929,194550
2023-05-26,1908.9414552878627,1911.660310560245,1899.9239073900942,1907.4648093718333,204734
2023-05-29,1912.1112300385087,1919.9755735161957,1907.4700666274816,1915.6581483291673,244101
2023-05-30,1897.2198987021188,1910.1026581433048,1891.7285706698706,1903.0130196618152,149195
2023-05-31,1896.4354857366448,1900.3570013327383,1893.9560816306573,1898.9887490188914,147631
2023-06-01,1912.218783270184,1918.7035941912286,1901.4977696152243,1913.397574160155,185463
2023-06-02,1897.7295431738532,1898.1891606313288,1886.6125657284017,1891.634608881254,87471
2023-06-05,1900.277198669068,1906.88994904809,1889.8563421605502,1902.4925192067572,298243
2023-06-06,1893.8409804640658,1915.646389596758,1889.098077104535,1905.8280557787425,92725
2023-06-07,1920.4499986690091,1932.0037524049606,1907.3741216790197,1907.7712691054953,286676
2023-06-08,1921.6797640333782,1924.051780662384,1903.6814044920131,1914.6543657719772,239244
2023-06-09,1906.669425233201,1911.4322833025678,1896.2543968665577,1903.2226625155854,116473
2023-06-12,1898.6107843378804,1899.4043369158474,1886.6619481821153,1895.7996380914797,311668
2023-06-13,1894.2430756968956,1922.0614803167457,1884.6033567262723,1893.9337850246714,210510
2023-06-14,1912.8321426561106,1915.355616806231,1901.39984565761,1902.6964432754082,312930
2023-06-15,1899.7293935771747,1921.7335315922608,1891.5718854685538,1906.6299317973242,284469
2023-06-16,1915.6355976971145,1920.0491917547952,1896.0761436855596,1911.2192517195854,157773
2023-06-19,1910.9134365085815,1918.0753745138352,1897.920458465329,1906.4499901713505,279755
2023-06-20,1902.6883651887304,1915.3973116240795,1887.5379374713464,1889.0272111406962,219175
2023-06-21,1904.8262702645184,1915.8798331884382,1900.9656004115284,1905.207820700498,294107
2023-06-22,1905.5741201381172,1917.6379120308698,1893.7169461761903,1896.6653947124478,124859
2023-06-23,1916.0698180649176,1926.507884073449,1908.27145577791,1913.418122838436,121039
2023-06-26,1896.860394789588,1916.7377170755603,1893.199466830924,1902.413033687902,134989
2023-06-27,1898.9303283310137,1907.29862767623,1888.7312969970849,1905.1392715313154,172391
2023-06-28,1911.715506843289,1918.016498722824,1904.2041482875923,1904.6574283435089,314524
2023-06-29,1910.6075229170324,1922.2414282471582,1901.2922679087162,1917.304566082382,264868
2023-06-30,1910.2540603766329,1919.9985446991864,1907.5728470441493,1911.7777843596377,214112
2023-07-03,1947.331792074362,1952.6589991231908,1927.5519819158872,1937.3512266761895,172338
2023-07-04,1921.0960686274814,1929.3070311431277,1914.6692788412088,1926.4625074707924,139798
2023-07-05,1910.8973762119442,1924.163976077314,1899.8118150682587,1907.4373135884139,304930
2023-07-06,1929.1210011692453,1944.8147004263099,1894.5009399802748,1917.6554746409029,181474
2023-07-07,1933.629137921695,1949.0397677717542,1922.0831102068757,1924.4486328679654,278938
2023-07-10,1927.5032586196294,1928.089509414792,1918.0274793617405,1922.7027190662518,91546
2023-07-11,1914.869810951615,1922.6972543783088,1907.796507641585,1918.916468187807,272567
2023-07-12,1926.9190474662225,1926.9418444523537,1908.7753080292775,1916.1608519434433,276099
2023-07-13,1906.8463107437287,1909.578153160413,1898.7289926136536,1903.739826282064,236211
2023-07-14,1905.2841768189926,1905.3483845935727,1899.4128445247345,1904.7478151883274,184850
2023-07-17,1919.7188477547868,1928.9598943030658,1919.5577394363247,1925.8320226238748,189886
2023-07-18,1902.6266332798289,1924.4405515105861,1898.1773112999026,1914.9691427849134,270155
2023-07-19,1923.4268117639822,1943.3934111999633,1910.854681444164,1920.9652555902105,108002
2023-07-20,1923.7634718696136,1931.3264756096532,1923.117293501627,1926.2174180736665,174258
2023-07-21,1897.6357336106864,1919.1042726056614,1892.819363975039,1907.2915740548135,253273
2023-07-24,1913.3017500548767,1918.2579859053646,1896.9203313133305,1907.9039030412227,190190
2023-07-25,1931.0535739747083,1945.1637475414825,1917.7549398677063,1929.409587589902,152749
2023-07-26,1919.7152117377723,1934.7650982041887,1911.4076358009572,1923.0519119082608,251479
2023-07-27,1923.8639338730545,1934.059364346889,1922.3007482228425,1926.054179498595,216196
2023-07-28,1940.7287318013218,1945.258581697813,1927.939600539125,1937.264196720564,168974
2023-07-31,1930.5938925685414,1936.4592806275057,1926.9639959156,1927.3519408296522,110523
2023-08-01,1926.2481409419256,1935.475848788092,1925.6421771628693,1931.3119701621147,318854
2023-08-02,1941.1183148629211,1950.7613340232233,1931.9312642876944,1935.5495339743604,82385
2023-08-03,1919.4956070248286,1929.745925075448,1908.450947808774,1920.4022878234712,125452
2023-08-04,1944.230164894014,1955.0139501078088,1936.6645183326657,1949.9382137252333,186614
2023-08-07,1941.0247113245957,1945.1684722407244,1932.3882219585223,1941.554068379788,286032
2023-08-08,1931.881935465163,1940.5286202625257,1928.3464784802152,1931.4577762543543,300347
2023-08-09,1954.5134626463089,1969.456848553645,1934.596361010944,1947.4211833423956,162915
2023-08-10,1936.6749345389344,1937.438673546759,1928.8282254431842,1932.477771182286,164174
2023-08-11,1922.7539724254054,1947.7717451980234,1917.3934296573282,1935.6472468923796,317618
2023-08-14,1924.36531240755,1941.2801719957001,1913.707698568419,1931.3097924040192,273016
2023-08-15,1945.114480142138,1956.384513921954,1921.088880627164,1940.2586780594904,134988
2023-08-16,1939.371846754185,1944.4207258871888,1925.5435762095049,1937.5367208374994,95943
2023-08-17,1939.0737285590303,1949.4118996588124,1931.9811491551131,1944.494428606044,159102
2023-08-18,1935.8377296853744,1941.7014165064022,1930.177898216105,1938.606765925303,184929
2023-08-21,1956.4974531016321,1962.3087292630773,1939.2865112146537,1946.8010210811863,132957
2023-08-22,1936.9088157172587,1961.5014846571498,1936.3215657883954,1950.6529895850342,319319
2023-08-23,1959.3245695727203,1975.992631048606,1947.6478705243694,1951.7719947059798,140588
2023-08-24,1958.6456809526949,1967.2544959172876,1950.3759190245373,1952.108315488461,179362
2023-08-25,1947.188554565505,1959.2962807340782,1942.9151192467182,1950.5016480718891,126975
2023-08-28,1943.3030705866897,1946.679551345425,1939.8174617649624,1944.684054938414,81383
2023-08-29,1938.5782217823944,1939.4924370429806,1930.9975633606637,1936.2350659791803,248830
2023-08-30,1956.9786389210064,1969.2266538422,1950.1760783338152,1956.2833967422991,191929
2023-08-31,1944.7450205336804,1951.994613293721,1930.4508409058853,1942.05379726838,111034
2023-09-01,1962.4496621263156,1965.4005826372668,1955.1243316754615,1955.1840426104225,297125
2023-09-04,1948.5261685639186,1956.366817948758,1944.0117414234655,1952.0413169922515,129038
2023-09-05,1951.2227396746296,1959.2758472039231,1939.062595571941,1951.0152271344132,233533
2023-09-06,1954.107555660253,1961.5489455393026,1947.4627647742616,1951.1975284469597,152434
2023-09-07,1954.4922214354606,1964.230384427456,1945.1093991705345,1956.8371999627188,236782
2023-09-08,1943.199771124363,1943.9609012124556,1922.6020135030253,1943.1761987231212,311606
2023-09-11,1961.4942447634444,1962.914996309928,1949.1400616807978,1952.6949482949376,137161
2023-09-12,1948.4887011268465,1970.9318146276244,1946.1115477959083,1960.3592555017683,174331
2023-09-13,1959.9743988782109,1964.875157163571,1949.2880432083502,1958.07282247674,240532
2023-09-14,1958.3046115337754,1968.207486489606,1944.2764258211625,1961.2637853710894,81360
2023-09-15,1942.9273894126522,1954.3267062259729,1939.4582577014467,1949.4025043630095,219846
2023-09-18,1949.2537072199282,1951.2525344041844,1936.3236135871416,1950.3886459240875,140827
2023-09-19,1968.7639535799572,1969.3918952130205,1963.7593846905645,1966.340711577318,288202
2023-09-20,1963.0959937093662,1968.223269960139,1954.0893700040224,1958.0294870919158,209195
2023-09-21,1953.0071371704612,1958.5364720354173,1944.6557778712931,1957.2806921697313,144976
2023-09-22,1965.9253883822394,1978.2894743019426,1959.4750373454697,1961.8720146204569,97050
2023-09-25,1956.8666963335083,1971.1869360001765,1939.3392605303636,1948.1192832242018,306962
2023-09-26,1957.1159941048513,1958.036617194832,1949.1709592272862,1955.811108622072,228951
2023-09-27,1966.3976606350263,1970.931637917108,1959.58234813246,1961.9090505092454,315637
2023-09-28,1960.1032658615343,1964.1991295240955,1954.871817539859,1957.1096290437558,268340
2023-09-29,1974.4344226853223,1980.4121052532917,1970.2274888051977,1970.2662697316014,184510
2023-10-02,1959.7290508214237,1976.5219714183802,1952.4976480573775,1965.093842749811,89101
2023-10-03,1975.864458540189,1977.9243221504976,1945.5015487896571,1968.3993847268273,314155
2023-10-04,1958.9704710309388,1959.4304383058516,1954.8149575340747,1955.9991980433285,211435
2023-10-05,1973.5497788170117,1982.3578477829599,1951.091883854221,1962.4659373935658,169642
2023-10-06,1966.7849675438297,1973.1382879803086,1959.988626151422,1961.6775423671043,95167
2023-10-09,1961.4888289974854,1972.2560876330774,1950.1602352941804,1966.3797709779271,223590
2023-10-10,1975.4317946602987,1990.0949913766185,1956.6160647037264,1968.2196492414973,152856
2023-10-11,1975.0353086714922,1978.0858056807049,1959.189544474136,1966.5915358629436,317456
2023-10-12,1977.6036383460973,1981.9251157163044,1954.7980341006041,1971.014851291607,262675
2023-10-13,1981.9538198056275,1993.0919738941877,1980.5664737921802,1983.3970179634757,260996
2023-10-16,1964.5946732267769,1969.414944912457,1959.2832295748267,1966.7146626634003,310225
2023-10-17,1967.9196692714959,1970.9301688975418,1942.122241604907,1959.6296547865154,280780
2023-10-18,1971.7994993321922,1988.142539540879,1968.6457346846269,1976.065851928821,167982
2023-10-19,1986.5761838278095,2000.2377758921286,1971.0176531046752,1981.0199207639525,315744
2023-10-20,1974.4586614473471,1991.3646678674843,1963.3001135252957,1973.3172412271858,303545
2023-10-23,1976.2558661535745,1993.9247169067664,1966.1004518345308,1979.8332832629703,207086
2023-10-24,1956.4366556046493,1962.3859603455148,1953.821275642623,1958.284063955713,157808
2023-10-25,1977.7121278080976,1983.0674884245923,1977.1702769318451,1980.5509611288967,220082
2023-10-26,1979.1379077648844,1980.3644085013966,1972.3569198751013,1975.7770754850428,266139
2023-10-27,1992.0498259623353,1999.725259824204,1991.1514832432613,1995.6852081289087,275987
2023-10-30,1980.2210393660675,1981.5830169038272,1967.5315391432182,1980.3679762406248,225347
2023-10-31,1993.2751287808376,1995.1986861978949,1988.124016481881,1994.3477266432508,106983
2023-11-01,1983.9418462502842,1986.9334567404999,1979.1441341652726,1981.2730477612279,197328
2023-11-02,1986.663896686883,1989.0349898622742,1965.6694831277268,1980.3010591518187,243917
2023-11-03,1969.2224431942657,1980.1336010721193,1967.530870996894,1977.6798988623707,155047
2023-11-06,1977.3174408648542,1981.9199180910573,1971.8272655413966,1974.5118652249864,239176
2023-11-07,1976.4718038099786,1987.9743268497807,1972.9592566908675,1980.2691450924415,93035
2023-11-08,1991.3300504286547,2008.8763506264547,1978.526368830368,1992.1949597302557,267018
2023-11-09,1970.3981243604849,1971.787250077397,1969.6706855143836,1970.8591603962634,82803
2023-11-10,1993.3817074855822,1995.0799807551896,1980.4118923667788,1983.6873021120375,139172
2023-11-13,2001.3502119279387,2012.881135109967,1985.0348994559156,1991.9523199328273,116139
2023-11-14,1985.2934891539571,2001.3118730495617,1974.1459981593423,1986.3862460634598,230434
2023-11-15,1989.4590019036546,1991.2995455944658,1978.8027605856787,1990.5594519208307,299650
2023-11-16,1998.8132916582363,2007.2268472888968,1989.7446385609385,1989.8436928813062,268475
2023-11-17,1995.7035240070136,1999.4869440687899,1986.0150638338325,1992.2995893915822,204928
2023-11-20,1984.337961279274,1992.1438087531458,1968.3180876418276,1972.8925024830173,155174
2023-11-21,1998.360310824001,2003.8842998934222,1998.1312305983388,2002.1999693456016,164887
2023-11-22,2002.7995613938735,2013.134143286465,1987.2584501654196,1995.601017290933,196962
2023-11-23,1986.312504582443,1995.0880187826413,1984.7988887266822,1988.9037736093442,209367
2023-11-24,1973.842295706823,1992.112937647986,1959.397678526386,1990.9411595893978,234065
2023-11-27,2000.4468744082865,2010.0528655214853,1995.2895972150193,1995.566725429419,154123
2023-11-28,1998.7033117427277,2008.7262071032092,1995.607858643964,2004.0767568598342,225034
2023-11-29,1993.7077267490997,2000.1174813786286,1987.9189853615826,1989.1022151334973,255577
2023-11-30,1985.8685946003175,1987.79961615576,1979.67930312914,1987.3310973692946,198068
2023-12-01,1995.2269957288245,1998.8544289551346,1984.3482486174726,1987.4390372680346,293124
2023-12-04,1999.4453831633582,2010.4775768868778,1992.3886654190542,2007.3371859069944,164451
2023-12-05,1984.1113657355907,1995.7823025787413,1979.3344392746756,1993.1725684009036,134308
2023-12-06,2011.324345741685,2021.4303068641825,1997.659103941333,2001.9989962663713,208009
2023-12-07,1999.0592100105378,2017.4274730144841,1988.74636716923,1992.205912621683,248756
2023-12-08,2003.4048827792867,2007.2213211621918,1988.3415342993771,2002.4527966118221,266863
2023-12-11,1992.1457892530254,2003.7112678440647,1981.944303687514,2001.586590159839,168919
2023-12-12,2004.5142619882045,2008.6872733798848,1992.638752079825,1999.073762899065,202015
2023-12-13,2029.594175252188,2038.7429890604951,1998.719894176971,2014.4112256455267,232358
2023-12-14,2005.012582643058,2016.5036263961704,2004.8918459144631,2006.906787015954,190859
2023-12-15,1996.5495473809394,1999.6108834601976,1987.4103793145662,1998.639792900553,268432
2023-12-18,2019.9328814488542,2027.1506657127297,2008.2322154346432,2024.7544227043477,250225
2023-12-19,2003.0882211894395,2006.9384419073924,1991.5183507392783,2000.097732660264,263722
2023-12-20,1999.124498598648,2003.1323330991384,1998.473017374634,1999.3258851987996,112969
2023-12-21,1988.0879401230452,1998.5130536333252,1985.1098566909843,1997.0513245361867,118452
2023-12-22,2021.764926387422,2032.4774676836646,2006.104969902861,2025.944085585215,231856
2023-12-25,2021.1772945388072,2026.1990661150344,2014.2939292368349,2015.2027690807797,288263
2023-12-26,2011.1184542607125,2022.709152788761,2002.7928315210106,2017.7790386754784,205757
2023-12-27,2025.993914394868,2029.0564250363827,2021.3978564310707,2024.2777734417336,253610
2023-12-28,2023.6899604357145,2027.967855313443,2013.214902798626,2017.3112066297335,210377
2023-12-29,2028.095011404927,2028.3908253863121,2021.6271494387427,2023.3567833792604,269235
2024-01-01,2020.9181258734548,2032.5584376303373,2012.234272921839,2031.6598024156292,199545
2024-01-02,2023.0511098067843,2026.0319507880843,2011.0249976674838,2019.4182616306944,148944
2024-01-03,2019.873282138467,2044.018216365631,2019.6121065262291,2026.5405951654411,136809
2024-01-04,2010.7095080646732,2025.9841324888548,2007.857735033851,2022.8586352726113,312099
2024-01-05,2023.7783885498848,2026.4565429578688,2016.2234722243031,2021.8751690385823,92497
2024-01-08,2020.4502688063915,2042.3629779391379,2013.157475648644,2030.3239156375498,232364
2024-01-09,2023.0787751125026,2029.0675585674144,2010.10320192972,2024.493972827041,166854
2024-01-10,2031.285457664526,2052.233637383984,2011.4860296431762,2023.7348217998488,138273
2024-01-11,2011.935869285532,2022.7270271919162,1994.3081981571918,2008.573861941813,302152
2024-01-12,2017.9536140543105,2020.3224509503762,2012.2775115054892,2018.7661866949973,126437
2024-01-15,2026.4840358021825,2036.4340809654657,2020.7094389888125,2020.830761829381,98096
2024-01-16,2028.1840822731976,2030.1830648313517,2026.9827434824358,2027.8281729530024,288592
2024-01-17,2034.865323302574,2036.2474021258745,2026.1308510243928,2030.0018856003326,300299
2024-01-18,2036.1959362137125,2037.3216103587463,2028.589168189021,2029.3476691803876,216823
2024-01-19,2022.686968925736,2032.27760887895,2019.2336546378185,2028.8073190064747,276008
2024-01-22,2043.0508317938095,2053.4038469585034,2026.337112900685,2032.9831439280863,271875
2024-01-23,2032.9005873933195,2038.234618694004,2023.4827122781314,2033.7733329679309,155532
2024-01-24,2039.432148435602,2041.3606058850341,2038.2691610836473,2039.0857953344348,85352
2024-01-25,2019.99182951742,2024.9744847401003,2015.12961996617,2018.9103974010627,281427
2024-01-26,2042.033658759419,2053.9226433309195,2039.5413517074396,2043.8056422298732,250516
2024-01-29,2048.058070303953,2052.889102342121,2038.6520283053935,2050.8392888690837,277175
2024-01-30,2050.086006950549,2053.970466238425,2034.2810501595811,2046.8603412532348,130361
2024-01-31,2029.9983825410357,2051.697094913045,2024.9910754956124,2033.779481553843,162395
2024-02-01,2032.9424996444752,2033.770616205758,2026.9780712704037,2030.1224057698519,255655
2024-02-02,2041.1869490642005,2042.5226792381518,2031.6289666412142,2036.7497565278616,171758
2024-02-05,2045.1178418709083,2061.9911456554178,2036.5537846842697,2048.7207020226515,264057
2024-02-06,2038.4241309063912,2045.8759139667116,2037.7033967502286,2040.504709852927,138405
2024-02-07,2026.9187696939982,2028.9499402185781,2020.7352159519571,2023.7912425886582,318184
2024-02-08,2014.154633214524,2017.7453050015213,1998.8198266490485,2014.4243539093902,282310
2024-02-09,2049.5929288731836,2059.4924169359256,2038.0186880502758,2045.8181371470296,157089
2024-02-12,2064.00690960242,2068.714084109205,2054.41643837811,2064.465054388121,301575
2024-02-13,2031.322550998758,2036.5845145031494,2014.1713347159898,2033.4383905624175,171534
2024-02-14,2040.919374081175,2047.9492586031477,2029.3752197483723,2042.3660168655729,257205
2024-02-15,2050.9718658100255,2056.491161412966,2044.639931698224,2049.1508145536964,101635
2024-02-16,2059.204757117716,2080.7133865839114,2048.1587213117327,2052.0859313282785,245351
2024-02-19,2045.6510946522474,2058.026563925052,2031.2345101793237,2056.121598988383,247330
2024-02-20,2033.3146017218405,2038.040111965796,2026.0742525896771,2036.3646362232182,281081
2024-02-21,2048.491850654483,2062.437449189603,2046.8712511368838,2050.9918988952413,209927
2024-02-22,2041.774267646495,2054.97577211552,2036.7974907727548,2046.7691549082338,198039
2024-02-23,2057.041705318384,2064.0039208058683,2045.7594573910283,2060.078207785559,153174
2024-02-26,2064.412736975095,2076.440771063131,2043.815095868752,2057.303689052214,259558
2024-02-27,2070.846638092709,2073.3613714960643,2048.2586073481507,2064.6682195315193,313272
2024-02-28,2042.545657466249,2049.196042158896,2040.1471297212788,2046.3184940365677,272665
2024-02-29,2039.4326725032558,2050.2607576800388,2035.5914880014977,2048.386142432205,141512
2024-03-01,2056.607675163867,2057.1023378546665,2038.4681508510262,2054.1602137904943,102329
2024-03-04,2061.1499740065137,2062.548962927604,2054.5127246196657,2058.2977997880535,304560
2024-03-05,2051.4851839819166,2071.762323094126,2041.1314382344635,2058.8607980370316,225976
2024-03-06,2056.120468084276,2065.8020252846068,2052.6114069976757,2054.981687793574,289095
2024-03-07,2063.995191774158,2064.1248463779243,2050.2572263495285,2061.470606223008,176406
2024-03-08,2056.7772177542324,2064.292013254059,2045.7160442669588,2052.8120248924524,286902
2024-03-11,2072.4388467156136,2082.358677490904,2062.2891344676686,2075.6549543995816,212252
2024-03-12,2067.244089318047,2076.0884843792237,2060.4694897828117,2064.2274124892433,212367
2024-03-13,2056.198802397433,2057.707018455762,2050.371013022221,2057.292711158748,212516
2024-03-14,2074.262196017714,2080.187582304768,2060.7612822551732,2069.0847805510716,217408
2024-03-15,2057.4918817329913,2062.935562125965,2050.793641262223,2056.0357138713607,218889
2024-03-18,2073.8220304160805,2085.1865179642027,2069.3879446559004,2070.0292424487143,175687
2024-03-19,2063.4919109663565,2064.5780833270674,2058.520674522019,2063.489100070559,222425
2024-03-20,2080.5119469092556,2089.387776274056,2071.079192617988,2082.173333801094,128931
2024-03-21,2075.020693913091,2087.623958604302,2055.1935981711895,2073.663981407422,168636
2024-03-22,2069.2086904546563,2072.3952936214864,2054.1922810032543,2063.9754355548803,171522
2024-03-25,2073.884364609952,2087.7150526744413,2072.596026770122,2076.2699946797075,250710
2024-03-26,2075.064180309027,2085.351991271958,2066.19128229769,2072.9338996480838,134768
2024-03-27,2094.4181753180765,2097.084321778577,2075.6704106922025,2079.354162729449,243020
2024-03-28,2047.1959120586475,2057.2197487991625,2033.6303510550756,2051.214252566536,131765
2024-03-29,2063.4742021934208,2075.2770973178813,2061.5231633332705,2071.7092041041824,266623
2024-04-01,2067.3867691758896,2088.39922491542,2062.3353874470617,2073.330315085564,279589
2024-04-02,2087.5636805171903,2105.8729464849234,2085.161357329801,2089.4269464233525,200774
2024-04-03,2070.9633951482197,2086.0683254488836,2066.103758007042,2071.0342306987554,115722
2024-04-04,2069.1019964609054,2087.1076659671826,2068.699693142123,2083.0257721853695,240530
2024-04-05,2066.821748606781,2081.5583344023116,2064.379158383729,2079.169571683597,298147
2024-04-08,2075.84463953765,2085.061610761613,2064.252406416794,2071.105670959102,143004
2024-04-09,2069.4594094747154,2087.81612909234,2064.145044006287,2078.2298751182952,295974
2024-04-10,2091.750867913301,2092.8235764302954,2071.519825911301,2087.5953920222432,317996
2024-04-11,2088.2826909351793,2089.7830769450284,2079.3154193417563,2080.78134291513,187156
2024-04-12,2060.785975699899,2088.08247116701,2048.625252276293,2079.8855607331066,246589
2024-04-15,2086.026319067556,2093.135307077498,2081.454130459824,2082.6642510405973,248391
2024-04-16,2086.9072580696898,2091.1535646936477,2083.2167103550128,2086.7473927960223,81872
2024-04-17,2088.2917734981115,2095.9516757628385,2080.7581057075477,2090.4680822923337,231041
2024-04-18,2092.23484549182,2094.6813649309,2079.343078676309,2089.9100434142188,123352
2024-04-19,2078.593533249055,2090.2347894046325,2077.2671928028167,2079.020180934981,161419
2024-04-22,2093.168759624907,2102.0306961133024,2082.9688886940376,2089.882172562739,251758
2024-04-23,2104.991292957295,2122.028693598307,2084.908623730664,2093.6120004451063,117408
2024-04-24,2108.528530342648,2113.8786279134365,2104.0821392378516,2106.681392304468,187808
2024-04-25,2080.8300319132163,2099.3472861634787,2078.658713535949,2088.455461365532,146494
2024-04-26,2116.921283651435,2119.628103838838,2093.102997240583,2108.236072619271,157822
2024-04-29,2098.550485780931,2113.362429636553,2084.5729606891405,2091.626886389872,209733
2024-04-30,2118.150116131891,2122.9489823595327,2105.9875027479807,2109.118100292416,177399
2024-05-01,2082.358502641541,2087.1269342506994,2075.2500695228778,2080.008767137458,214387
2024-05-02,2101.558838440245,2101.791864782861,2091.751095647261,2096.0457389810495,152411
2024-05-03,2090.1885283574507,2102.821795228888,2076.415536588317,2078.034246020414,245488
2024-05-06,2086.978709655199,2089.726140675868,2082.1743733003946,2087.419700570708,260566
2024-05-07,2093.571550029559,2102.263124728071,2082.506451020114,2097.4332928754193,198596
2024-05-08,2115.090660447363,2119.313076266378,2104.05630852373,2106.0384371924556,230305
2024-05-09,2096.4133784376054,2102.932598260576,2094.280432367944,2098.5445485103323,135763
2024-05-10,2117.6090841552113,2118.9027345298405,2097.917593692381,2110.3851534712767,287365
2024-05-13,2099.6650628650123,2107.2242975845693,2092.722163135099,2102.9615434585903,291885
2024-05-14,2121.1759012355956,2135.7251414522775,2113.528243140926,2124.1355257240093,90334
2024-05-15,2109.9219190748618,2109.954719040035,2097.9083825013054,2108.00620540871,299797
2024-05-16,2131.913148379393,2145.3604730680054,2123.8707439202612,2129.841602966848,141753
2024-05-17,2124.0622568234935,2135.8223024115355,2112.990081957596,2128.831012265183,318708
2024-05-20,2117.475684283657,2118.467678288445,2103.966448895487,2107.2225345064417,256231
2024-05-21,2117.697509553999,2129.7460793634605,2100.7901199051407,2120.2994382602446,98301
2024-05-22,2117.1510238831406,2125.039379963585,2111.4035844095097,2112.658443897575,273624
2024-05-23,2124.4226547940484,2144.654252844205,2120.0187627905457,2130.079806693998,213315
2024-05-24,2119.1066757017,2131.415558549489,2114.3288617458147,2122.8248196045706,251998
2024-05-27,2131.6523503056005,2152.493072318066,2123.1271989879815,2135.1518165186367,289265
2024-05-28,2121.576509681317,2123.734683757022,2109.1843734827453,2120.467887706536,316050
2024-05-29,2121.6711645981545,2122.8570155629977,2117.5420026768334,2120.557727718543,125032
2024-05-30,2118.892761759594,2126.7219003518135,2096.907856120795,2117.434076372556,233286
2024-05-31,2127.1909505439344,2129.0185283194387,2123.0876801832264,2126.9674651294904,173752
2024-06-03,2136.129538260971,2145.4656948873862,2124.697366819431,2130.190434329176,204300
2024-06-04,2134.4473729790757,2139.249477800892,2120.540313228556,2128.587834396384,144115
2024-06-05,2126.412759215749,2129.674141815602,2112.682871776922,2129.029048947754,136009
2024-06-06,2135.311897837542,2143.1353989416425,2126.3346423292833,2134.28494439209,185154
2024-06-07,2129.8395583583338,2133.9897379785652,2121.0764885160042,2126.8283495767582,177712
2024-06-10,2127.4161016422227,2131.679843690415,2110.622162882778,2122.749255174746,249727
2024-06-11,2126.069711467326,2127.030906235952,2116.820583032956,2122.702768629504,107913
2024-06-12,2127.3140077788757,2142.0487769776405,2123.094826810628,2129.278157134767,168328
2024-06-13,2129.6349459134303,2133.167150256845,2125.2443198863866,2131.528076042646,80277
2024-06-14,2142.351676921973,2150.718981082989,2140.5691248785884,2141.740798967119,143347
2024-06-17,2145.612521802962,2158.5601725377087,2138.6024106086047,2142.3325283862437,192887
2024-06-18,2123.153892870578,2140.7167192951074,2106.606050555604,2129.666204939268,136339
2024-06-19,2135.4264868728724,2147.9421305467235,2122.298438837724,2141.5496659410037,277603
2024-06-20,2126.497279177703,2147.847797526867,2121.6214944689887,2128.8670909214966,261346
2024-06-21,2145.6903158783434,2147.8578729700266,2137.1232521601296,2144.9859767304947,189656
2024-06-24,2124.2415269878957,2130.9449784349035,2124.1905452684114,2128.207625241554,305848
2024-06-25,2145.5214091605626,2151.454401695385,2128.0876405775575,2148.126586215351,295211
2024-06-26,2133.8950653128927,2141.907464714962,2117.9556132930534,2138.86200362722,242155
2024-06-27,2145.6933749017876,2147.7244803968697,2134.4224733749943,2142.322771465854,193749
2024-06-28,2128.8530077953033,2144.8026979160018,2127.3552493174375,2141.320154558289,293456
2024-07-01,2132.3951594436303,2142.271114529682,2129.1696761140593,2132.3408398325287,83593
2024-07-02,2138.8046110965097,2150.870636112278,2135.1769676957006,2142.9055011389582,80273
2024-07-03,2142.9009939754683,2145.6601673991004,2129.3139019658765,2142.631000137938,153716
2024-07-04,2149.849173452792,2160.0207572263803,2146.634113556057,2148.559535118697,242597
2024-07-05,2130.357732601216,2159.1889091179,2128.483601231155,2149.2627859784925,292448
2024-07-08,2159.897333088342,2163.9745487374225,2148.265991944875,2152.6991743320805,173454
2024-07-09,2151.2605187631616,2156.0442568371764,2139.168821075845,2146.57659977896,302962
2024-07-10,2143.0421676304486,2152.9154937651974,2128.614957333465,2133.014329196084,222733
2024-07-11,2155.1760806389634,2157.6270859729484,2139.35277191235,2150.111232569333,184174
2024-07-12,2140.6464054175563,2155.170971851608,2130.7100912575565,2134.797903980307,218119
2024-07-15,2142.1590985722632,2143.5225464353693,2138.521647524307,2138.5987697860446,255745
2024-07-16,2156.5413979455852,2160.760412461644,2137.9769347042993,2146.3508423488397,253638
2024-07-17,2131.19347885598,2143.6471369851583,2128.2477140473106,2139.5019729429246,193811
2024-07-18,2142.653773549337,2151.5734609297356,2128.7381416135936,2143.165559048274,316846
2024-07-19,2149.185187899281,2164.1664876308423,2142.891041611156,2154.920624560114,271827
2024-07-22,2148.9847074329423,2152.591822495389,2138.3175432834128,2143.3192787988564,83487
2024-07-23,2146.934165726482,2174.3827795231146,2136.5842330735636,2145.1744402405193,295797
2024-07-24,2152.069062679718,2152.122030069464,2134.2767139116836,2141.6584388293772,173796
2024-07-25,2176.857457303757,2178.877329437947,2165.09858344824,2175.8138366354947,112067
2024-07-26,2149.395612395963,2160.6526112104416,2131.9817063145106,2150.3826989118825,165339
2024-07-29,2153.8846715910404,2157.2475647630904,2133.91289640762,2154.8612070750073,175115
2024-07-30,2153.082363714777,2160.350604326816,2149.9876779798474,2157.7155464473203,132186
2024-07-31,2155.1899973301456,2185.0552860203834,2149.115664743926,2168.097368121443,254411
2024-08-01,2156.2927373620364,2158.8531883663168,2153.0154940631787,2156.3843542823224,85206
2024-08-02,2151.5057593805327,2154.4018900134633,2145.944073522723,2154.1418479104677,174240
2024-08-05,2155.460468454738,2163.8812154096754,2149.4346095082647,2158.1940029166135,159906
2024-08-06,2149.1209113405507,2159.68842356656,2141.6051165642907,2156.2983133525604,118084
2024-08-07,2152.3982399906026,2152.949374844428,2141.0889710285537,2151.6892126117555,111373
2024-08-08,2141.8615028108197,2157.8629159825587,2132.640125557563,2148.373092725912,265610
2024-08-09,2167.273919750614,2171.3849836958398,2163.640307677481,2165.446619642135,128163
2024-08-12,2159.8119464229817,2163.3006030854726,2157.0897952717955,2161.2274546576064,301070
2024-08-13,2173.8160567752807,2178.7754818588883,2173.4055302834713,2175.7924484826017,316995
2024-08-14,2152.394215011626,2166.5616833331546,2134.6226513256793,2162.419074972287,301783
2024-08-15,2166.7459387033073,2175.1895394747426,2154.7391156275485,2164.53985884467,216474
2024-08-16,2184.5009853738247,2187.7972978379034,2174.4644070582135,2178.8269510984546,311670
2024-08-19,2154.8425707164643,2159.884550454295,2147.8107100759767,2155.604635656123,196866
2024-08-20,2173.4281663781453,2189.001033906543,2169.3181554231955,2177.1089787268625,99882
2024-08-21,2168.3504952691524,2175.5063600153107,2157.9763016516604,2164.3410484715205,222168
2024-08-22,2169.5240842980447,2176.555428666135,2156.3780891978104,2164.4331856714875,82503
2024-08-23,2175.6772974347095,2183.2120818277112,2169.721948794493,2178.3919537718084,152939
2024-08-26,2195.556755396366,2197.5082434945584,2163.709330604797,2177.8836766102927,161907
2024-08-27,2178.6548969977457,2182.233709810048,2162.9207036382104,2170.637661932475,146334
2024-08-28,2192.8218904571245,2199.353244045674,2179.7800801851904,2183.0419925879173,225135
2024-08-29,2196.435680039436,2199.0809242695877,2192.8986555378765,2193.639586631165,243322
2024-08-30,2193.30683532563,2197.5376469547887,2184.692809957952,2190.6239256756,82629
2024-09-02,2180.1251656856225,2195.71971502226,2164.5228999343885,2186.4070095882366,296360
2024-09-03,2181.866836265578,2186.3256281555946,2176.106716831776,2183.447967382734,107043
2024-09-04,2188.7636031641578,2189.190886886385,2186.9112327391726,2188.3222929740086,151729
2024-09-05,2199.774307459426,2214.7290460882596,2193.5405141551296,2195.17391492116,230539
2024-09-06,2186.3290833252054,2190.096290249781,2172.6988181032834,2189.5104656700105,80490
2024-09-09,2188.971310420129,2198.0683825074234,2186.593039521175,2194.383293309268,106580
2024-09-10,2205.4749111882306,2207.241575350774,2181.3601630321646,2197.7891766557127,177306
2024-09-11,2180.861662467199,2183.0655518581016,2174.705791843211,2180.075890030344,144901
2024-09-12,2198.074298346296,2204.7860795930173,2185.3435639435274,2191.851304428826,278993
2024-09-13,2194.1235334165003,2198.743773468768,2188.3274023845784,2193.341603510007,116029
2024-09-16,2182.59618024365,2199.173428144185,2178.789920595619,2186.464539650943,267088
2024-09-17,2184.6561964509515,2198.0662853167787,2173.3259380485124,2184.699481222488,155407
2024-09-18,2187.4271690771657,2215.7255104030146,2185.8022747887194,2203.35849099691,103960
2024-09-19,2197.0601449455817,2199.8944432976036,2184.5833007650704,2190.6365431887193,169799
2024-09-20,2196.2408382294366,2212.03088348602,2187.3228224738673,2192.542450166599,260283
2024-09-23,2197.9589635953303,2201.7842020266394,2182.1188681786434,2190.2819909417067,247803
2024-09-24,2193.263273206478,2205.5821640915465,2192.3973957320004,2194.614669580826,89495
2024-09-25,2209.644896875641,2211.20749583975,2187.639164841431,2196.7078351644855,294346
2024-09-26,2206.500480103139,2208.426366393942,2197.116637557236,2198.4503660130385,117376
2024-09-27,2177.217218137355,2203.4980197372442,2168.3594966151277,2188.5331687726375,301083
2024-09-30,2176.9714402506934,2194.523448474069,2165.7637176948956,2188.4013410052166,230879
2024-10-01,2199.529756523359,2204.6968901941705,2185.402999176551,2197.7883579135137,92066
2024-10-02,2192.288213949806,2208.3135340080157,2182.8858631570342,2201.266951276586,146289
2024-10-03,2199.4715047657933,2207.6611705895,2193.739110294983,2200.381936076298,181570
2024-10-04,2211.3616569126,2213.9898619647033,2209.323018925546,2212.461383014481,267983
2024-10-07,2205.583513441392,2209.3035083204663,2203.7636806990604,2207.575004891411,288757
2024-10-08,2225.339341781458,2237.568949893173,2206.7501988762137,2215.4227226155976,83174
2024-10-09,2216.3200636313286,2224.043496078903,2210.876998854651,2212.5284365439315,297130
2024-10-10,2197.9130909483215,2207.652183212364,2182.3471269984734,2193.6950365612665,288403
2024-10-11,2218.9686116684907,2227.6665356837325,2215.974436362522,2217.3700838724,193370
2024-10-14,2246.9368715170526,2247.583875691957,2226.520713677603,2227.2311916886883,225124
2024-10-15,2228.1372556420233,2233.8219759330686,2205.3521412158034,2219.3605632379413,117566
2024-10-16,2214.932085102169,2223.083363849131,2214.0531198296935,2219.424407456897,229339
2024-10-17,2215.217080404235,2224.111831482562,2210.558511943634,2211.4852437781883,114894
2024-10-18,2218.954785079396,2237.5434493281737,2203.6448028824175,2223.7770998569854,297315
2024-10-21,2213.687557034021,2218.7314487700105,2196.0333959853583,2214.7759262873155,231572
2024-10-22,2207.4664217082723,2217.2380563863567,2206.0851843116134,2207.9792454498815,240120
2024-10-23,2214.223785286491,2223.789869253225,2213.688186468313,2223.336411613202,117119
2024-10-24,2218.697901832749,2233.1342444335314,2214.9720803653386,2230.972261205547,256604
2024-10-25,2215.016514636737,2233.0162338506952,2209.0060863311733,2222.989042400953,189465
2024-10-28,2225.099869271899,2227.0136133777733,2217.9429451099563,2221.444009631303,111220
2024-10-29,2200.00800338834,2219.850995109743,2191.883009961533,2218.3083777301476,196477
2024-10-30,2241.5807810498113,2244.5465164360853,2222.794459338181,2237.5381526486276,249654
2024-10-31,2213.3446890268324,2228.4401256854762,2206.9710205223873,2227.3760457712583,164771
2024-11-01,2220.1077500711363,2235.768257057445,2219.29707168298,2225.327487357451,133331
2024-11-04,2224.468895481743,2228.0265130962616,2220.8696227612036,2228.0026813786035,114208
2024-11-05,2238.329785519812,2238.8980945425706,2231.697441296239,2233.3959086484224,226277
2024-11-06,2241.830368251642,2247.509377632849,2235.8673137190544,2241.807857331757,250735
2024-11-07,2223.0560582564767,2232.269705899134,2212.7479389328896,2230.3110631072614,242424
2024-11-08,2225.6818271621964,2231.4879359372567,2210.8077863275857,2229.5718552618587,123877
2024-11-11,2242.286815779894,2247.5634735407584,2239.2135885344323,2240.6305750526753,269353
2024-11-12,2244.5569521933335,2250.429250040587,2234.3401141956206,2237.337305540786,315446
2024-11-13,2229.6730200248335,2236.0888521820766,2227.4416620702204,2227.856994591412,292828
2024-11-14,2238.9103291158303,2241.098029815077,2232.6757722616735,2239.6460464526654,106110
2024-11-15,2237.741781394034,2260.5047832578207,2235.3775160288847,2239.489245215065,316584
2024-11-18,2248.938601213724,2253.286060143658,2236.4092000148285,2238.4662809852225,271673
2024-11-19,2238.696638595477,2245.6012354630843,2219.025145237426,2244.155950094932,98406
2024-11-20,2242.770941830171,2254.7315945680702,2228.413981028257,2245.8429169943115,85764
2024-11-21,2260.908836239385,2273.764066779642,2248.815732460805,2258.539536972843,187965
2024-11-22,2259.9593927042038,2273.9149225536935,2244.001440565506,2251.3900450606957,232062
2024-11-25,2240.794823950721,2258.5710418520707,2226.948022102912,2252.3415755115893,99837
2024-11-26,2250.572110676559,2251.879563928294,2242.302487526545,2244.077966103276,177812
2024-11-27,2257.29681736106,2273.175595691863,2244.2093905875113,2249.547636435381,105788
2024-11-28,2245.2600726739265,2251.9160443705828,2242.309535147589,2243.553194594136,172098
2024-11-29,2231.5242321410533,2245.0626614133075,2226.149170643022,2244.2057371305027,123281
2024-12-02,2251.4370998763516,2258.9184832495425,2250.44203593665,2256.2741128212656,281497
2024-12-03,2266.3333340494287,2284.241416254301,2253.6800792275635,2267.32785680662,204497
2024-12-04,2259.6693633846376,2265.773025544803,2256.5058129114036,2257.7740650577766,246619
2024-12-05,2248.66049621988,2265.508491661878,2233.378225002614,2257.0526635678725,315486
2024-12-06,2259.69419885864,2261.537804357639,2255.695725726491,2261.388108372793,160818
2024-12-09,2269.340964553576,2284.8264685022564,2262.964075574098,2264.552236251736,100241
2024-12-10,2253.483312861215,2258.2937650680146,2244.5414955218216,2257.2049952285033,288010
2024-12-11,2256.3524340135377,2265.793397781471,2250.1109210098293,2258.4278767908504,185145
2024-12-12,2258.7158057238476,2269.8853088705223,2247.1179766134996,2261.887716504665,228826
2024-12-13,2263.0699499640705,2280.272789802858,2260.8467192401527,2272.738118624953,230845
2024-12-16,2259.40717725821,2266.0652148983486,2255.980716609482,2261.8775246360365,304404
2024-12-17,2248.045961403677,2257.8314978008457,2244.4932576922024,2249.5520468402624,289332
2024-12-18,2275.0531728258065,2288.029212809285,2261.0328110356822,2270.023542600734,270023
2024-12-19,2259.8977271310923,2277.518867686743,2252.6554093474347,2265.3336186691195,113946
2024-12-20,2249.3595408633337,2269.825487494725,2243.6958783925324,2258.239701203927,158933
2024-12-23,2254.511331941171,2266.3922313687385,2253.105048487318,2257.874860079754,287257
2024-12-24,2233.717616947561,2245.782745162378,2232.406250790253,2239.687179405367,212397
2024-12-25,2263.6868069692064,2264.1607252640274,2243.413129468832,2259.9574681120034,225405
2024-12-26,2259.9708427434257,2275.1531435380775,2249.878935085127,2263.8156276085433,319906
2024-12-27,2261.790684293236,2276.7232608205763,2261.26151482588,2272.454341437571,198569
2024-12-30,2271.654374409128,2280.935092489218,2257.9402662066045,2267.6079123996446,247815
2024-12-31,2261.5183392026606,2287.53427985851,2254.6788563371924,2262.0795909200465,218033
2025-01-01,2267.9327365984796,2273.6226923248164,2258.6448163535856,2266.7752775117024,231195
2025-01-02,2272.443260084411,2273.095295352827,2268.463138161618,2269.792604604823,296645
2025-01-03,2282.591520885941,2287.826807977537,2272.272988839149,2275.4425283598825,201849
2025-01-06,2267.8478024015517,2275.8537422422733,2266.617472942593,2274.138174884934,272702
2025-01-07,2283.4025843867157,2287.7639745573542,2262.641729778726,2279.204835967547,232104
2025-01-08,2258.4589682937435,2264.822816279544,2246.214563761752,2258.026690109339,279253
2025-01-09,2275.316161755357,2283.4195211720516,2267.6653689515433,2274.98049306004,260417
2025-01-10,2276.3071162176125,2279.0590078874375,2272.256794876473,2277.032458038892,289141
2025-01-13,2264.318646979788,2274.8060046784253,2257.736452166139,2267.5336129341013,151876
2025-01-14,2278.893684860862,2287.779297526182,2273.0302778876257,2277.4975850063893,132574
2025-01-15,2274.0937891133935,2277.936540210324,2266.1242602320312,2273.952730737606,196035
2025-01-16,2272.246788061003,2277.467672865414,2265.285841752042,2267.68605754236,197676
2025-01-17,2277.2373123162115,2286.9158496888,2265.6505583562903,2267.2150648139723,109256
2025-01-20,2274.9989609404784,2285.0862843994123,2262.661106885561,2281.7822994597695,217984
2025-01-21,2295.186881373498,2312.5550772338174,2276.934974131901,2281.978247144693,200932
2025-01-22,2292.6033518839413,2292.7411266203903,2277.1610246325945,2285.2493065958224,99634
2025-01-23,2275.2127417493452,2294.8271322438586,2261.305327749304,2283.055988480423,316838
2025-01-24,2281.0265543890837,2284.7383927596225,2278.2669098114848,2281.9703644060774,231621
2025-01-27,2270.266835890918,2279.437090448006,2269.6597917262425,2270.3337867099585,191520
2025-01-28,2284.0455031688434,2302.4162984233762,2263.907726806161,2276.1353561921096,181220
2025-01-29,2270.542144594202,2281.320330990462,2265.3721785972266,2277.1809974521702,216480
2025-01-30,2308.636171918817,2313.1402427177413,2290.3706338610846,2296.948930713553,203602
2025-01-31,2267.6160465453636,2279.802402702222,2259.4451574785207,2275.0132812436855,100133
2025-02-03,2268.792984118554,2273.2379942818725,2257.347762985995,2271.291395001086,306647
2025-02-04,2269.128609056058,2290.2175144814323,2267.7367519433374,2273.3403723600713,214525
2025-02-05,2283.880395214828,2300.1085063784085,2280.290234677261,2292.416260004489,317727
2025-02-06,2274.504482380902,2284.4038518111356,2268.6794796211143,2282.251457118967,164423
2025-02-07,2290.3946779772223,2294.6661323408525,2283.338844524098,2294.4727560317187,92971
2025-02-10,2282.4624007976495,2287.2788640038098,2280.7401819860556,2284.322732332645,133396
2025-02-11,2294.58760050457,2303.233482684102,2283.0356673425554,2298.8645151212113,137866
2025-02-12,2273.11122114139,2280.710036840745,2270.902363948788,2279.4707188795733,169192
2025-02-13,2273.2150807627145,2300.2493248692836,2268.0169352960474,2290.9239316891044,308446
2025-02-14,2297.3583801469345,2299.5259649191585,2295.3628637493566,2299.3166921907027,148112
2025-02-17,2306.923582212924,2317.4574100828554,2293.406501658163,2294.092837868777,135872
2025-02-18,2300.6476687663426,2303.473449131136,2277.2368394785362,2289.355959783494,197323
2025-02-19,2317.4844981394403,2320.759863819541,2301.3687692259327,2309.5500099134156,306912
2025-02-20,2284.324928013082,2296.5043828592256,2279.761522217485,2287.0602704962753,240691
2025-02-21,2296.822302707554,2304.106953826905,2286.171013056989,2293.3441268662523,303173
2025-02-24,2305.699741008823,2331.9966894806535,2299.483220764111,2309.426183401462,276091
2025-02-25,2310.391533945374,2324.990292709492,2297.3618704748587,2313.6837911563366,216464
2025-02-26,2302.6116334949197,2304.891755741374,2300.8384672651505,2301.5666205181933,238901
2025-02-27,2299.6785208566475,2308.0620801742584,2288.405803163113,2292.7301041488818,231796
2025-02-28,2287.3820914574453,2298.605527194913,2277.4635727606856,2290.797527514837,173086
2025-03-03,2290.3153248131407,2297.9075874465902,2284.695531146581,2294.8613514895983,295592
2025-03-04,2301.6048578055415,2303.4419581282214,2294.94809243565,2301.87661736992,298420
2025-03-05,2303.916765780661,2314.6325269579124,2287.4007442101965,2314.1978338202084,204134
2025-03-06,2319.929438131064,2337.6803652405933,2307.7727865600223,2314.0422786980184,275446
2025-03-07,2321.5314784264724,2326.3918791067495,2310.841566738573,2314.508123589238,203315
2025-03-10,2311.823606280433,2331.1139248124396,2289.3039860137205,2303.710909561922,261119
2025-03-11,2317.6177325364233,2326.354015617435,2312.239362387605,2312.3039971160783,229458
2025-03-12,2307.6837309113744,2317.767027160887,2305.480032324323,2311.7862444652587,266434
2025-03-13,2310.6344391735474,2314.1009590694302,2303.2695585467586,2312.2854301573757,221687
2025-03-14,2299.620161084074,2315.013521561699,2297.345322551201,2306.0852719625314,83397
2025-03-17,2305.643287147861,2307.5058581075837,2301.8187163764073,2303.5310934125378,119421
2025-03-18,2332.1878267945435,2337.7770488498113,2310.3986939204306,2317.1289400663045,197515
2025-03-19,2315.612012736266,2323.872597576317,2312.350099693046,2322.4185946657567,276169
2025-03-20,2314.7322693591304,2322.0557717783654,2304.7669487745043,2310.219815157532,138467
2025-03-21,2324.892636428431,2325.621909838188,2305.3971982832045,2315.3931398998543,315669
2025-03-24,2315.4069609779212,2333.2173951543255,2309.7209143511263,2322.62373676299,105442
2025-03-25,2340.780155426175,2341.317620764419,2319.2959307310057,2325.9967875641637,292424
2025-03-26,2324.4332807383917,2332.136782032926,2313.2124071253775,2329.059578398303,205733
2025-03-27,2316.043559843571,2321.632443086999,2307.613251405784,2316.7659962548173,145951
2025-03-28,2329.694550156814,2334.109988347009,2319.9034889798163,2326.786338814443,142700
2025-03-31,2310.5598702227103,2312.7960833581656,2295.874742015107,2304.152345839396,191228
2025-04-01,2301.722676714102,2302.2071736666912,2295.6157735087213,2296.250015925295,138842
2025-04-02,2312.4217029130305,2318.273973221797,2304.7472789730455,2314.1172483763553,152976
2025-04-03,2316.4266352641507,2328.2425730820282,2311.282245121291,2320.9550939563037,240854
2025-04-04,2290.212414391744,2307.7517056909564,2290.1442595643525,2306.2895975207693,83328
2025-04-07,2314.4524759852143,2319.3180480023284,2306.677950878657,2317.9341595636056,238061
2025-04-08,2331.375297699714,2340.4288963616477,2316.2603426396086,2322.604897572518,175222
2025-04-09,2316.7656118685613,2338.5417541647907,2305.8439463828686,2322.221555254971,184383
2025-04-10,2329.3630896205427,2332.044110420185,2316.1562409684716,2325.076374994754,150617
2025-04-11,2335.999703362173,2338.677524352972,2329.112330788736,2331.047015796149,82682
2025-04-14,2321.729846972425,2325.715306690593,2317.623496860027,2320.5354698733277,269102
2025-04-15,2314.473591531681,2329.482308567207,2303.0514364986884,2318.2949604143846,167815
2025-04-16,2323.6606936569387,2347.9831613251977,2306.0196759626797,2327.481559178765,284850
2025-04-17,2333.8765870218513,2340.5965935895483,2327.42369884809,2334.179645119719,156616
2025-04-18,2312.1655748605804,2324.866949656939,2311.753578240416,2324.3441792709814,236117
2025-04-21,2348.442273836352,2353.030491330841,2326.3568815124645,2338.6503505791757,167226
2025-04-22,2326.0502156626576,2347.8380231946444,2320.270962460156,2333.326259523854,302087
2025-04-23,2319.243855662728,2324.5970986668526,2303.4907818130787,2323.5768296085175,85870
2025-04-24,2323.3364102355645,2329.6665949872367,2319.313852369106,2327.6294325143017,278259
2025-04-25,2321.126984670191,2323.3004679087635,2314.1081654319005,2323.1260565680122,143313
2025-04-28,2339.1689918775187,2351.5767066886524,2322.0467064193635,2336.484295513978,94792
2025-04-29,2341.5202336350953,2344.6461634218635,2326.61455963203,2333.0694241630204,277095
2025-04-30,2348.8852970800317,2364.4245236358565,2345.643016129961,2347.2697779826817,226989
2025-05-01,2320.5613313439567,2329.52740371668,2299.0676342814563,2309.662587142107,257377
2025-05-02,2320.0332680766737,2326.3633218618797,2313.236386726107,2322.556701156402,317755
2025-05-05,2332.7709144122746,2338.483329598236,2323.160830402063,2327.9057006621306,265665
2025-05-06,2344.742505074881,2368.984341743282,2334.379268974022,2339.1271768920546,152104
2025-05-07,2331.4489084779775,2336.467883284868,2328.0517944013004,2330.3708343393496,214243
2025-05-08,2331.7426688196056,2336.7437075138682,2318.0291508711894,2327.0307566062097,152220
2025-05-09,2328.628494947268,2350.7806244817943,2325.0360041789972,2335.6718845835135,124916
2025-05-12,2338.5975532468974,2339.8277113157405,2322.8029929080058,2329.2862470721143,260766
2025-05-13,2341.0692420979713,2341.0757971906296,2334.8896376071766,2335.316557346199,304026
2025-05-14,2341.0608613087184,2358.5233498601324,2333.58194410058,2339.80569311418,232647
2025-05-15,2338.7639562929594,2345.304689787537,2333.006240185147,2341.1455658660143,288500
2025-05-16,2325.5068898450245,2326.2765549664246,2317.4130491310757,2319.5698880605314,143747
2025-05-19,2317.9106848116367,2328.7455808790246,2313.48157830747,2325.4083335018836,309255
2025-05-20,2338.484091468894,2359.1032657037167,2319.758073723652,2333.251552276572,256511
2025-05-21,2334.2575644226226,2345.4449241097145,2322.4624411647324,2327.6838733119675,254726
2025-05-22,2339.7511894519666,2351.354389532195,2318.3911891167977,2322.2256188007937,308800
2025-05-23,2332.8949413068394,2344.37178796123,2328.5836848742842,2333.4087178326213,181334
2025-05-26,2343.0323400419106,2345.1658606469477,2322.941717429397,2333.433056834483,160579
2025-05-27,2339.117468876861,2349.5001942039175,2333.740936811338,2334.6642709992307,270413
2025-05-28,2326.7693370584625,2343.409324407646,2316.1224536304703,2337.8882642035046,114715
2025-05-29,2319.7888655484867,2345.2172498138652,2311.053470869485,2328.6631601011854,235886
2025-05-30,2336.1368318651757,2344.3901087023573,2331.919336492549,2339.7526624587404,190408
